#
# TABLE STRUCTURE FOR: accesslog
#

DROP TABLE IF EXISTS `accesslog`;

CREATE TABLE `accesslog` (
  `sl_no` bigint(20) NOT NULL AUTO_INCREMENT,
  `action_page` varchar(50) COLLATE utf8_unicode_ci DEFAULT NULL,
  `action_done` text COLLATE utf8_unicode_ci,
  `remarks` text COLLATE utf8_unicode_ci NOT NULL,
  `user_name` varchar(50) COLLATE utf8_unicode_ci DEFAULT NULL,
  `entry_date` datetime DEFAULT NULL,
  UNIQUE KEY `SerialNo` (`sl_no`)
) ENGINE=InnoDB AUTO_INCREMENT=375 DEFAULT CHARSET=utf8 COLLATE=utf8_unicode_ci;

INSERT INTO `accesslog` (`sl_no`, `action_page`, `action_done`, `remarks`, `user_name`, `entry_date`) VALUES ('1', 'purchase order', 'create', '11', '2', '2018-05-13 10:05:56');
INSERT INTO `accesslog` (`sl_no`, `action_page`, `action_done`, `remarks`, `user_name`, `entry_date`) VALUES ('2', 'purchase order', 'create', 'Orde Id-20180513101115total amount-1156.00', '2', '2018-05-13 10:11:15');
INSERT INTO `accesslog` (`sl_no`, `action_page`, `action_done`, `remarks`, `user_name`, `entry_date`) VALUES ('3', 'Customer', 'create', '', '2', '2018-05-13 10:27:35');
INSERT INTO `accesslog` (`sl_no`, `action_page`, `action_done`, `remarks`, `user_name`, `entry_date`) VALUES ('4', 'Customer', 'create', '', '2', '2018-05-13 10:29:29');
INSERT INTO `accesslog` (`sl_no`, `action_page`, `action_done`, `remarks`, `user_name`, `entry_date`) VALUES ('5', 'Customer', 'create', '', '2', '2018-05-13 10:31:52');
INSERT INTO `accesslog` (`sl_no`, `action_page`, `action_done`, `remarks`, `user_name`, `entry_date`) VALUES ('6', 'Customer', 'create', '5', '2', '2018-05-13 10:32:50');
INSERT INTO `accesslog` (`sl_no`, `action_page`, `action_done`, `remarks`, `user_name`, `entry_date`) VALUES ('7', 'Customer', 'delete', '4', '2', '2018-05-13 10:35:36');
INSERT INTO `accesslog` (`sl_no`, `action_page`, `action_done`, `remarks`, `user_name`, `entry_date`) VALUES ('8', 'Customer', 'delete', 'customer ID :3', '2', '2018-05-13 10:36:20');
INSERT INTO `accesslog` (`sl_no`, `action_page`, `action_done`, `remarks`, `user_name`, `entry_date`) VALUES ('9', 'Customer', 'update', 'customer ID :', '2', '2018-05-13 10:37:30');
INSERT INTO `accesslog` (`sl_no`, `action_page`, `action_done`, `remarks`, `user_name`, `entry_date`) VALUES ('10', 'Customer', 'update', 'customer ID :1', '2', '2018-05-13 10:39:15');
INSERT INTO `accesslog` (`sl_no`, `action_page`, `action_done`, `remarks`, `user_name`, `entry_date`) VALUES ('11', 'Product', 'create', 'product ID :3', '2', '2018-05-13 10:41:30');
INSERT INTO `accesslog` (`sl_no`, `action_page`, `action_done`, `remarks`, `user_name`, `entry_date`) VALUES ('12', 'Product', 'delete', 'product ID :3', '2', '2018-05-13 10:43:11');
INSERT INTO `accesslog` (`sl_no`, `action_page`, `action_done`, `remarks`, `user_name`, `entry_date`) VALUES ('13', 'Store', 'create', 'Store ID :3', '2', '2018-05-13 10:46:05');
INSERT INTO `accesslog` (`sl_no`, `action_page`, `action_done`, `remarks`, `user_name`, `entry_date`) VALUES ('14', 'Store', 'delete', 'Store ID :3', '2', '2018-05-13 10:47:56');
INSERT INTO `accesslog` (`sl_no`, `action_page`, `action_done`, `remarks`, `user_name`, `entry_date`) VALUES ('15', 'Supplier', 'create', 'Supplier ID :2', '2', '2018-05-13 10:50:41');
INSERT INTO `accesslog` (`sl_no`, `action_page`, `action_done`, `remarks`, `user_name`, `entry_date`) VALUES ('16', 'Supplier', 'create', 'Supplier ID :3', '2', '2018-05-13 10:52:00');
INSERT INTO `accesslog` (`sl_no`, `action_page`, `action_done`, `remarks`, `user_name`, `entry_date`) VALUES ('17', 'Supplier', 'create', 'Supplier ID :4', '2', '2018-05-13 10:52:54');
INSERT INTO `accesslog` (`sl_no`, `action_page`, `action_done`, `remarks`, `user_name`, `entry_date`) VALUES ('18', 'Supplier', 'create', 'Supplier ID :5', '2', '2018-05-13 10:55:58');
INSERT INTO `accesslog` (`sl_no`, `action_page`, `action_done`, `remarks`, `user_name`, `entry_date`) VALUES ('19', 'Supplier', 'update', 'Supplier ID :5', '2', '2018-05-13 10:57:03');
INSERT INTO `accesslog` (`sl_no`, `action_page`, `action_done`, `remarks`, `user_name`, `entry_date`) VALUES ('20', 'Supplier', 'delete', 'Supplier ID :5', '2', '2018-05-13 10:57:46');
INSERT INTO `accesslog` (`sl_no`, `action_page`, `action_done`, `remarks`, `user_name`, `entry_date`) VALUES ('21', 'Warehouse', 'delete', 'Warehouse ID :2', '2', '2018-05-13 11:00:22');
INSERT INTO `accesslog` (`sl_no`, `action_page`, `action_done`, `remarks`, `user_name`, `entry_date`) VALUES ('22', 'Warehouse', 'update', 'Warehouse ID :2', '2', '2018-05-13 11:01:09');
INSERT INTO `accesslog` (`sl_no`, `action_page`, `action_done`, `remarks`, `user_name`, `entry_date`) VALUES ('23', 'Supplier', 'delete', 'Supplier ID :4', '2', '2018-05-13 12:02:46');
INSERT INTO `accesslog` (`sl_no`, `action_page`, `action_done`, `remarks`, `user_name`, `entry_date`) VALUES ('24', 'Supplier', 'delete', 'Supplier ID :3', '2', '2018-05-13 12:02:49');
INSERT INTO `accesslog` (`sl_no`, `action_page`, `action_done`, `remarks`, `user_name`, `entry_date`) VALUES ('25', 'Product', 'create', 'product ID :4', '2', '2018-05-13 12:54:51');
INSERT INTO `accesslog` (`sl_no`, `action_page`, `action_done`, `remarks`, `user_name`, `entry_date`) VALUES ('26', 'Product', 'create', 'product ID :5', '2', '2018-05-14 08:31:12');
INSERT INTO `accesslog` (`sl_no`, `action_page`, `action_done`, `remarks`, `user_name`, `entry_date`) VALUES ('27', 'purchase order', 'create', 'Orde Id-20180514084546 total amount-40.00', '2', '2018-05-14 08:45:46');
INSERT INTO `accesslog` (`sl_no`, `action_page`, `action_done`, `remarks`, `user_name`, `entry_date`) VALUES ('28', 'purchase order', 'create', 'Orde Id-20180514093237 total amount-600.00', '2', '2018-05-14 09:32:38');
INSERT INTO `accesslog` (`sl_no`, `action_page`, `action_done`, `remarks`, `user_name`, `entry_date`) VALUES ('29', 'purchase order', 'create', 'Orde Id-20180514093316 total amount-120.00', '2', '2018-05-14 09:33:16');
INSERT INTO `accesslog` (`sl_no`, `action_page`, `action_done`, `remarks`, `user_name`, `entry_date`) VALUES ('30', 'purchase order', 'create', 'Orde Id-20180514100849 total amount-776.00', '2', '2018-05-14 10:08:49');
INSERT INTO `accesslog` (`sl_no`, `action_page`, `action_done`, `remarks`, `user_name`, `entry_date`) VALUES ('31', 'purchase order', 'create', 'Orde Id-20180514122943 total amount-250.00', '2', '2018-05-14 12:29:43');
INSERT INTO `accesslog` (`sl_no`, `action_page`, `action_done`, `remarks`, `user_name`, `entry_date`) VALUES ('32', 'Role Permission', 'update', 'Role id :9', '2', '2018-05-14 13:38:15');
INSERT INTO `accesslog` (`sl_no`, `action_page`, `action_done`, `remarks`, `user_name`, `entry_date`) VALUES ('33', 'User', 'create', 'User ID :20', '2', '2018-05-14 13:39:51');
INSERT INTO `accesslog` (`sl_no`, `action_page`, `action_done`, `remarks`, `user_name`, `entry_date`) VALUES ('34', 'purchase order', 'create', 'Orde Id-20180515060421 total amount-195.00', '2', '2018-05-15 06:04:21');
INSERT INTO `accesslog` (`sl_no`, `action_page`, `action_done`, `remarks`, `user_name`, `entry_date`) VALUES ('35', 'purchase order receive', 'create', 'Orde Id- total amount-120.00', '2', '2018-05-15 07:01:37');
INSERT INTO `accesslog` (`sl_no`, `action_page`, `action_done`, `remarks`, `user_name`, `entry_date`) VALUES ('36', 'purchase order receive', 'create', 'Orde Id- total amount-80.00', '2', '2018-05-15 07:03:28');
INSERT INTO `accesslog` (`sl_no`, `action_page`, `action_done`, `remarks`, `user_name`, `entry_date`) VALUES ('37', 'purchase order receive', 'create', 'Orde Id- total amount-80.00', '2', '2018-05-15 07:05:39');
INSERT INTO `accesslog` (`sl_no`, `action_page`, `action_done`, `remarks`, `user_name`, `entry_date`) VALUES ('38', 'purchase order receive', 'create', 'Orde Id- total amount-110.00', '2', '2018-05-15 07:07:53');
INSERT INTO `accesslog` (`sl_no`, `action_page`, `action_done`, `remarks`, `user_name`, `entry_date`) VALUES ('39', 'purchase order', 'create', 'Orde Id-20180515075023 total amount-920.00', '2', '2018-05-15 07:50:23');
INSERT INTO `accesslog` (`sl_no`, `action_page`, `action_done`, `remarks`, `user_name`, `entry_date`) VALUES ('40', 'Role Permission', 'update', 'Role id :6', '2', '2018-05-15 08:57:53');
INSERT INTO `accesslog` (`sl_no`, `action_page`, `action_done`, `remarks`, `user_name`, `entry_date`) VALUES ('41', 'purchase order', 'create', 'Orde Id-20180515075023 total amount-980.00', '2', '2018-05-15 12:10:38');
INSERT INTO `accesslog` (`sl_no`, `action_page`, `action_done`, `remarks`, `user_name`, `entry_date`) VALUES ('42', 'purchase order', 'create', 'Orde Id-20180515060421 total amount-210.00', '2', '2018-05-15 12:11:58');
INSERT INTO `accesslog` (`sl_no`, `action_page`, `action_done`, `remarks`, `user_name`, `entry_date`) VALUES ('43', 'purchase order', 'create', 'Orde Id-20180514122943 total amount-60.00', '2', '2018-05-15 12:24:17');
INSERT INTO `accesslog` (`sl_no`, `action_page`, `action_done`, `remarks`, `user_name`, `entry_date`) VALUES ('44', 'purchase order', 'delete', 'Orde Id-20180514100849', '2', '2018-05-15 12:28:08');
INSERT INTO `accesslog` (`sl_no`, `action_page`, `action_done`, `remarks`, `user_name`, `entry_date`) VALUES ('45', 'purchase order', 'delete', 'Orde Id-20180514093316', '2', '2018-05-15 12:29:05');
INSERT INTO `accesslog` (`sl_no`, `action_page`, `action_done`, `remarks`, `user_name`, `entry_date`) VALUES ('46', 'purchase order', 'delete', 'Orde Id-20180514093237', '2', '2018-05-15 12:29:25');
INSERT INTO `accesslog` (`sl_no`, `action_page`, `action_done`, `remarks`, `user_name`, `entry_date`) VALUES ('47', 'purchase order', 'delete', 'Orde Id-20180514084546', '2', '2018-05-15 12:29:29');
INSERT INTO `accesslog` (`sl_no`, `action_page`, `action_done`, `remarks`, `user_name`, `entry_date`) VALUES ('48', 'purchase order', 'delete', 'Orde Id-20180513064344', '2', '2018-05-15 12:29:33');
INSERT INTO `accesslog` (`sl_no`, `action_page`, `action_done`, `remarks`, `user_name`, `entry_date`) VALUES ('49', 'purchase order', 'delete', 'Orde Id-20180513063621', '2', '2018-05-15 12:29:38');
INSERT INTO `accesslog` (`sl_no`, `action_page`, `action_done`, `remarks`, `user_name`, `entry_date`) VALUES ('50', 'purchase order', 'create', 'Orde Id-20180514122943 total amount-110.00', '2', '2018-05-15 12:30:37');
INSERT INTO `accesslog` (`sl_no`, `action_page`, `action_done`, `remarks`, `user_name`, `entry_date`) VALUES ('51', 'purchase order', 'create', 'Orde Id-20180514122943 total amount-190.00', '2', '2018-05-15 12:33:58');
INSERT INTO `accesslog` (`sl_no`, `action_page`, `action_done`, `remarks`, `user_name`, `entry_date`) VALUES ('52', 'purchase order', 'create', 'Orde Id-20180515075023 total amount-60.00', '2', '2018-05-15 12:34:35');
INSERT INTO `accesslog` (`sl_no`, `action_page`, `action_done`, `remarks`, `user_name`, `entry_date`) VALUES ('53', 'purchase order receive', 'create', 'Orde Id- total amount-60.00', '2', '2018-05-15 12:43:54');
INSERT INTO `accesslog` (`sl_no`, `action_page`, `action_done`, `remarks`, `user_name`, `entry_date`) VALUES ('54', 'purchase Receive', 'delete', 'Receive Id-20180515124354', '2', '2018-05-15 12:44:13');
INSERT INTO `accesslog` (`sl_no`, `action_page`, `action_done`, `remarks`, `user_name`, `entry_date`) VALUES ('55', 'purchase order receive', 'create', 'Orde Id- total amount-60.00', '2', '2018-05-15 12:47:00');
INSERT INTO `accesslog` (`sl_no`, `action_page`, `action_done`, `remarks`, `user_name`, `entry_date`) VALUES ('56', 'purchase Receive', 'delete', 'Receive Id-20180515124700', '2', '2018-05-15 12:47:14');
INSERT INTO `accesslog` (`sl_no`, `action_page`, `action_done`, `remarks`, `user_name`, `entry_date`) VALUES ('57', 'purchase order receive', 'create', 'Orde Id- total amount-60.00', '2', '2018-05-15 12:47:29');
INSERT INTO `accesslog` (`sl_no`, `action_page`, `action_done`, `remarks`, `user_name`, `entry_date`) VALUES ('58', 'Product', 'create', 'product ID :6', '2', '2018-05-15 13:36:08');
INSERT INTO `accesslog` (`sl_no`, `action_page`, `action_done`, `remarks`, `user_name`, `entry_date`) VALUES ('59', 'Warehouse', 'create', 'Warehouse ID :3', '2', '2018-05-15 14:23:01');
INSERT INTO `accesslog` (`sl_no`, `action_page`, `action_done`, `remarks`, `user_name`, `entry_date`) VALUES ('60', 'Product', 'create', 'product ID :7', '2', '2018-05-15 14:34:04');
INSERT INTO `accesslog` (`sl_no`, `action_page`, `action_done`, `remarks`, `user_name`, `entry_date`) VALUES ('61', 'purchase order', 'create', 'Orde Id-20180515143434 total amount-900.00', '2', '2018-05-15 14:34:34');
INSERT INTO `accesslog` (`sl_no`, `action_page`, `action_done`, `remarks`, `user_name`, `entry_date`) VALUES ('62', 'Role Permission', 'update', 'Role id :4', '2', '2018-05-15 15:19:49');
INSERT INTO `accesslog` (`sl_no`, `action_page`, `action_done`, `remarks`, `user_name`, `entry_date`) VALUES ('63', 'Role Permission', 'update', 'Role id :3', '2', '2018-05-15 15:19:54');
INSERT INTO `accesslog` (`sl_no`, `action_page`, `action_done`, `remarks`, `user_name`, `entry_date`) VALUES ('64', 'Role Permission', 'update', 'Role id :9', '2', '2018-05-15 15:19:57');
INSERT INTO `accesslog` (`sl_no`, `action_page`, `action_done`, `remarks`, `user_name`, `entry_date`) VALUES ('65', 'Role Permission', 'update', 'Role id :6', '2', '2018-05-15 15:20:00');
INSERT INTO `accesslog` (`sl_no`, `action_page`, `action_done`, `remarks`, `user_name`, `entry_date`) VALUES ('66', 'User Role', 'update', 'Role id :4', '2', '2018-05-15 15:21:09');
INSERT INTO `accesslog` (`sl_no`, `action_page`, `action_done`, `remarks`, `user_name`, `entry_date`) VALUES ('67', 'User Role', 'update', 'Role id :6', '2', '2018-05-15 15:21:12');
INSERT INTO `accesslog` (`sl_no`, `action_page`, `action_done`, `remarks`, `user_name`, `entry_date`) VALUES ('68', 'User Role', 'update', 'Role id :7', '2', '2018-05-15 15:21:14');
INSERT INTO `accesslog` (`sl_no`, `action_page`, `action_done`, `remarks`, `user_name`, `entry_date`) VALUES ('69', 'User Role', 'update', 'Role id :9', '2', '2018-05-15 15:21:18');
INSERT INTO `accesslog` (`sl_no`, `action_page`, `action_done`, `remarks`, `user_name`, `entry_date`) VALUES ('70', 'Role Permission', 'create', 'Role id :1', '2', '2018-05-15 15:24:20');
INSERT INTO `accesslog` (`sl_no`, `action_page`, `action_done`, `remarks`, `user_name`, `entry_date`) VALUES ('71', 'Role Permission', 'update', 'Role id :2', '2', '2018-05-15 15:25:33');
INSERT INTO `accesslog` (`sl_no`, `action_page`, `action_done`, `remarks`, `user_name`, `entry_date`) VALUES ('72', 'Role Permission', 'create', 'Role id :19', '2', '2018-05-15 15:33:18');
INSERT INTO `accesslog` (`sl_no`, `action_page`, `action_done`, `remarks`, `user_name`, `entry_date`) VALUES ('73', 'Sales', 'create', 'invoice_no-1000 total amount-275.00', '2', '2018-05-16 10:51:38');
INSERT INTO `accesslog` (`sl_no`, `action_page`, `action_done`, `remarks`, `user_name`, `entry_date`) VALUES ('74', 'Sales', 'create', 'invoice_no-1000 total amount-550.00', '2', '2018-05-16 10:56:56');
INSERT INTO `accesslog` (`sl_no`, `action_page`, `action_done`, `remarks`, `user_name`, `entry_date`) VALUES ('75', 'Sales', 'create', 'invoice_no-1001 total amount-700.00', '2', '2018-05-16 11:27:47');
INSERT INTO `accesslog` (`sl_no`, `action_page`, `action_done`, `remarks`, `user_name`, `entry_date`) VALUES ('76', 'purchase order receive', 'create', 'Orde Id- total amount-675.00', '2', '2018-05-16 14:29:18');
INSERT INTO `accesslog` (`sl_no`, `action_page`, `action_done`, `remarks`, `user_name`, `entry_date`) VALUES ('77', 'Sales', 'create', 'invoice_no-1002 total amount-305.00', '2', '2018-05-17 06:57:31');
INSERT INTO `accesslog` (`sl_no`, `action_page`, `action_done`, `remarks`, `user_name`, `entry_date`) VALUES ('78', 'Sales', 'create', 'invoice_no-1006 total amount-490.00', '2', '2018-05-17 07:09:17');
INSERT INTO `accesslog` (`sl_no`, `action_page`, `action_done`, `remarks`, `user_name`, `entry_date`) VALUES ('79', 'Sales', 'create', 'invoice_no-1007 total amount-165.00', '2', '2018-05-17 07:10:08');
INSERT INTO `accesslog` (`sl_no`, `action_page`, `action_done`, `remarks`, `user_name`, `entry_date`) VALUES ('80', 'Sales', 'create', 'invoice_no-1008 total amount-110.00', '2', '2018-05-17 07:13:02');
INSERT INTO `accesslog` (`sl_no`, `action_page`, `action_done`, `remarks`, `user_name`, `entry_date`) VALUES ('81', 'Sales', 'create', 'invoice_no-1009 total amount-1800.00', '2', '2018-05-17 07:17:45');
INSERT INTO `accesslog` (`sl_no`, `action_page`, `action_done`, `remarks`, `user_name`, `entry_date`) VALUES ('82', 'Sales', 'create', 'invoice_no-1010 total amount-110.00', '2', '2018-05-17 07:22:11');
INSERT INTO `accesslog` (`sl_no`, `action_page`, `action_done`, `remarks`, `user_name`, `entry_date`) VALUES ('83', 'Sales', 'create', 'invoice_no-1011 total amount-165.00', '2', '2018-05-17 07:23:41');
INSERT INTO `accesslog` (`sl_no`, `action_page`, `action_done`, `remarks`, `user_name`, `entry_date`) VALUES ('84', 'Sales', 'create', 'invoice_no-1012 total amount-110.00', '2', '2018-05-17 07:25:28');
INSERT INTO `accesslog` (`sl_no`, `action_page`, `action_done`, `remarks`, `user_name`, `entry_date`) VALUES ('85', 'Sales', 'create', 'invoice_no-1013 total amount-550.00', '2', '2018-05-17 07:27:33');
INSERT INTO `accesslog` (`sl_no`, `action_page`, `action_done`, `remarks`, `user_name`, `entry_date`) VALUES ('86', 'Sales', 'create', 'invoice_no-1014 total amount-105.00', '2', '2018-05-17 07:28:10');
INSERT INTO `accesslog` (`sl_no`, `action_page`, `action_done`, `remarks`, `user_name`, `entry_date`) VALUES ('87', 'Sales', 'create', 'invoice_no-1015 total amount-165.00', '2', '2018-05-17 07:29:13');
INSERT INTO `accesslog` (`sl_no`, `action_page`, `action_done`, `remarks`, `user_name`, `entry_date`) VALUES ('88', 'purchase order', 'create', 'Orde Id-20180517074220 total amount-1500.00', '2', '2018-05-17 07:42:21');
INSERT INTO `accesslog` (`sl_no`, `action_page`, `action_done`, `remarks`, `user_name`, `entry_date`) VALUES ('89', 'purchase order receive', 'create', 'Orde Id- total amount-1500.00', '2', '2018-05-17 07:42:42');
INSERT INTO `accesslog` (`sl_no`, `action_page`, `action_done`, `remarks`, `user_name`, `entry_date`) VALUES ('90', 'Sales', 'create', 'invoice_no-1016 total amount-125.00', '2', '2018-05-17 07:43:17');
INSERT INTO `accesslog` (`sl_no`, `action_page`, `action_done`, `remarks`, `user_name`, `entry_date`) VALUES ('91', 'Sales', 'create', 'invoice_no- total amount-', '2', '2018-05-17 12:43:14');
INSERT INTO `accesslog` (`sl_no`, `action_page`, `action_done`, `remarks`, `user_name`, `entry_date`) VALUES ('92', 'Sales', 'create', 'invoice_no- total amount-', '2', '2018-05-17 14:41:10');
INSERT INTO `accesslog` (`sl_no`, `action_page`, `action_done`, `remarks`, `user_name`, `entry_date`) VALUES ('93', 'Store', 'create', 'Store ID :3', '2', '2018-05-19 08:34:52');
INSERT INTO `accesslog` (`sl_no`, `action_page`, `action_done`, `remarks`, `user_name`, `entry_date`) VALUES ('94', 'leases', 'create', 'Lease Id-0', '2', '2018-05-20 05:41:52');
INSERT INTO `accesslog` (`sl_no`, `action_page`, `action_done`, `remarks`, `user_name`, `entry_date`) VALUES ('95', 'leases', 'create', 'Lease Id-1', '2', '2018-05-20 05:47:53');
INSERT INTO `accesslog` (`sl_no`, `action_page`, `action_done`, `remarks`, `user_name`, `entry_date`) VALUES ('96', 'leases', 'create', 'Lease Id-2', '2', '2018-05-20 05:58:40');
INSERT INTO `accesslog` (`sl_no`, `action_page`, `action_done`, `remarks`, `user_name`, `entry_date`) VALUES ('97', 'leases', 'update', 'Lease Id-2', '2', '2018-05-20 07:09:13');
INSERT INTO `accesslog` (`sl_no`, `action_page`, `action_done`, `remarks`, `user_name`, `entry_date`) VALUES ('98', 'leases', 'update', 'Lease Id-1', '2', '2018-05-20 07:14:33');
INSERT INTO `accesslog` (`sl_no`, `action_page`, `action_done`, `remarks`, `user_name`, `entry_date`) VALUES ('99', 'leases', 'update', 'Lease Id-1', '2', '2018-05-20 07:15:33');
INSERT INTO `accesslog` (`sl_no`, `action_page`, `action_done`, `remarks`, `user_name`, `entry_date`) VALUES ('100', 'leases', 'create', 'Lease Id-3', '2', '2018-05-20 07:18:29');
INSERT INTO `accesslog` (`sl_no`, `action_page`, `action_done`, `remarks`, `user_name`, `entry_date`) VALUES ('101', 'leases', 'update', 'Lease Id-3', '2', '2018-05-20 07:20:02');
INSERT INTO `accesslog` (`sl_no`, `action_page`, `action_done`, `remarks`, `user_name`, `entry_date`) VALUES ('102', 'leases', 'create', 'Lease Id-4', '2', '2018-05-20 07:23:20');
INSERT INTO `accesslog` (`sl_no`, `action_page`, `action_done`, `remarks`, `user_name`, `entry_date`) VALUES ('103', 'leases', 'update', 'Lease Id-4', '2', '2018-05-20 07:23:59');
INSERT INTO `accesslog` (`sl_no`, `action_page`, `action_done`, `remarks`, `user_name`, `entry_date`) VALUES ('104', 'Lease ', 'delete', 'Lease Id-4', '2', '2018-05-20 07:25:00');
INSERT INTO `accesslog` (`sl_no`, `action_page`, `action_done`, `remarks`, `user_name`, `entry_date`) VALUES ('105', 'Lease ', 'delete', 'Lease Id-3', '2', '2018-05-20 07:25:24');
INSERT INTO `accesslog` (`sl_no`, `action_page`, `action_done`, `remarks`, `user_name`, `entry_date`) VALUES ('106', 'leases', 'update', 'Lease Id-2', '2', '2018-05-20 07:29:49');
INSERT INTO `accesslog` (`sl_no`, `action_page`, `action_done`, `remarks`, `user_name`, `entry_date`) VALUES ('107', 'leases', 'update', 'Lease Id-2', '2', '2018-05-20 07:32:42');
INSERT INTO `accesslog` (`sl_no`, `action_page`, `action_done`, `remarks`, `user_name`, `entry_date`) VALUES ('108', 'leases', 'update', 'Lease Id-2', '2', '2018-05-20 07:33:44');
INSERT INTO `accesslog` (`sl_no`, `action_page`, `action_done`, `remarks`, `user_name`, `entry_date`) VALUES ('109', 'Role Permission', 'update', 'Role id :2', '2', '2018-05-20 08:32:46');
INSERT INTO `accesslog` (`sl_no`, `action_page`, `action_done`, `remarks`, `user_name`, `entry_date`) VALUES ('110', 'purchase Receive', 'update', 'Receive Id-20180514122943 total amount-250.00', '2', '2018-05-20 09:48:31');
INSERT INTO `accesslog` (`sl_no`, `action_page`, `action_done`, `remarks`, `user_name`, `entry_date`) VALUES ('111', 'purchase Receive', 'update', 'Receive Id-20180514122943 total amount-430.00', '2', '2018-05-20 09:49:14');
INSERT INTO `accesslog` (`sl_no`, `action_page`, `action_done`, `remarks`, `user_name`, `entry_date`) VALUES ('112', 'purchase order', 'create', 'Orde Id-20180520095432 total amount-7000.00', '2', '2018-05-20 09:54:32');
INSERT INTO `accesslog` (`sl_no`, `action_page`, `action_done`, `remarks`, `user_name`, `entry_date`) VALUES ('113', 'purchase order', 'create', 'Orde Id-20180520095550 total amount-1200.00', '2', '2018-05-20 09:55:50');
INSERT INTO `accesslog` (`sl_no`, `action_page`, `action_done`, `remarks`, `user_name`, `entry_date`) VALUES ('114', 'purchase order', 'create', 'Orde Id-20180520095758 total amount-7000.00', '2', '2018-05-20 09:57:58');
INSERT INTO `accesslog` (`sl_no`, `action_page`, `action_done`, `remarks`, `user_name`, `entry_date`) VALUES ('115', 'purchase Receive', 'update', 'Receive Id-20180520095758 total amount-7015.00', '2', '2018-05-20 09:59:11');
INSERT INTO `accesslog` (`sl_no`, `action_page`, `action_done`, `remarks`, `user_name`, `entry_date`) VALUES ('116', 'purchase order', 'create', 'Orde Id-20180520100119 total amount-2100.00', '2', '2018-05-20 10:01:19');
INSERT INTO `accesslog` (`sl_no`, `action_page`, `action_done`, `remarks`, `user_name`, `entry_date`) VALUES ('117', 'purchase order receive', 'create', 'Orde Id- total amount-2100.00', '2', '2018-05-20 10:35:50');
INSERT INTO `accesslog` (`sl_no`, `action_page`, `action_done`, `remarks`, `user_name`, `entry_date`) VALUES ('118', 'purchase order receive', 'create', 'Orde Id- total amount-7000.00', '2', '2018-05-20 10:36:32');
INSERT INTO `accesslog` (`sl_no`, `action_page`, `action_done`, `remarks`, `user_name`, `entry_date`) VALUES ('119', 'Sales', 'create', 'invoice_no-1017 total amount-725.00', '2', '2018-05-20 10:37:02');
INSERT INTO `accesslog` (`sl_no`, `action_page`, `action_done`, `remarks`, `user_name`, `entry_date`) VALUES ('120', 'Sales', 'create', 'invoice_no-1017 total amount-550.00', '2', '2018-05-20 10:38:34');
INSERT INTO `accesslog` (`sl_no`, `action_page`, `action_done`, `remarks`, `user_name`, `entry_date`) VALUES ('121', 'Sales', 'create', 'invoice_no-1017 total amount-275.00', '2', '2018-05-20 10:39:41');
INSERT INTO `accesslog` (`sl_no`, `action_page`, `action_done`, `remarks`, `user_name`, `entry_date`) VALUES ('122', 'sale ', 'delete', 'sales id-20180517074317', '2', '2018-05-20 10:56:58');
INSERT INTO `accesslog` (`sl_no`, `action_page`, `action_done`, `remarks`, `user_name`, `entry_date`) VALUES ('123', 'sale ', 'delete', 'sales id-20180516105656', '2', '2018-05-20 10:57:15');
INSERT INTO `accesslog` (`sl_no`, `action_page`, `action_done`, `remarks`, `user_name`, `entry_date`) VALUES ('124', 'sale ', 'delete', 'sales id-20180517065731', '2', '2018-05-20 10:57:57');
INSERT INTO `accesslog` (`sl_no`, `action_page`, `action_done`, `remarks`, `user_name`, `entry_date`) VALUES ('125', 'sale ', 'delete', 'sales id-20180516112747', '2', '2018-05-20 10:58:04');
INSERT INTO `accesslog` (`sl_no`, `action_page`, `action_done`, `remarks`, `user_name`, `entry_date`) VALUES ('126', 'Sales', 'create', 'invoice_no-1017 total amount-445.00', '2', '2018-05-20 12:24:13');
INSERT INTO `accesslog` (`sl_no`, `action_page`, `action_done`, `remarks`, `user_name`, `entry_date`) VALUES ('127', 'Sales', 'create', 'invoice_no-1017 total amount-725.00', '2', '2018-05-20 12:26:55');
INSERT INTO `accesslog` (`sl_no`, `action_page`, `action_done`, `remarks`, `user_name`, `entry_date`) VALUES ('128', 'Sales', 'create', 'invoice_no-1017 total amount-535.00', '2', '2018-05-20 12:28:33');
INSERT INTO `accesslog` (`sl_no`, `action_page`, `action_done`, `remarks`, `user_name`, `entry_date`) VALUES ('129', 'Sales', 'create', 'invoice_no-1017 total amount-270.00', '2', '2018-05-20 12:31:31');
INSERT INTO `accesslog` (`sl_no`, `action_page`, `action_done`, `remarks`, `user_name`, `entry_date`) VALUES ('130', 'Sales', 'create', 'invoice_no-1018 total amount-560.00', '9', '2018-05-20 12:37:33');
INSERT INTO `accesslog` (`sl_no`, `action_page`, `action_done`, `remarks`, `user_name`, `entry_date`) VALUES ('131', 'sale ', 'delete', 'sales id-20180517072810', '9', '2018-05-20 13:19:24');
INSERT INTO `accesslog` (`sl_no`, `action_page`, `action_done`, `remarks`, `user_name`, `entry_date`) VALUES ('132', 'sale ', 'delete', 'sales id-20180517071744', '9', '2018-05-20 13:19:32');
INSERT INTO `accesslog` (`sl_no`, `action_page`, `action_done`, `remarks`, `user_name`, `entry_date`) VALUES ('133', 'sale ', 'delete', 'sales id-20180517072913', '9', '2018-05-20 13:20:08');
INSERT INTO `accesslog` (`sl_no`, `action_page`, `action_done`, `remarks`, `user_name`, `entry_date`) VALUES ('134', 'sale ', 'delete', 'sales id-20180517072732', '9', '2018-05-20 13:20:12');
INSERT INTO `accesslog` (`sl_no`, `action_page`, `action_done`, `remarks`, `user_name`, `entry_date`) VALUES ('135', 'sale ', 'delete', 'sales id-20180517072528', '9', '2018-05-20 13:20:16');
INSERT INTO `accesslog` (`sl_no`, `action_page`, `action_done`, `remarks`, `user_name`, `entry_date`) VALUES ('136', 'sale ', 'delete', 'sales id-20180517072341', '9', '2018-05-20 13:20:40');
INSERT INTO `accesslog` (`sl_no`, `action_page`, `action_done`, `remarks`, `user_name`, `entry_date`) VALUES ('137', 'sale ', 'delete', 'sales id-20180517072210', '9', '2018-05-20 13:20:43');
INSERT INTO `accesslog` (`sl_no`, `action_page`, `action_done`, `remarks`, `user_name`, `entry_date`) VALUES ('138', 'sale ', 'delete', 'sales id-20180517071008', '9', '2018-05-20 13:20:52');
INSERT INTO `accesslog` (`sl_no`, `action_page`, `action_done`, `remarks`, `user_name`, `entry_date`) VALUES ('139', 'leases', 'create', 'Lease Id-3', '2', '2018-05-21 06:18:14');
INSERT INTO `accesslog` (`sl_no`, `action_page`, `action_done`, `remarks`, `user_name`, `entry_date`) VALUES ('140', 'leases', 'update', 'Lease Id-3', '2', '2018-05-21 06:21:30');
INSERT INTO `accesslog` (`sl_no`, `action_page`, `action_done`, `remarks`, `user_name`, `entry_date`) VALUES ('141', 'Sales', 'create', 'invoice_no-1019 total amount-340.00', '9', '2018-05-21 06:50:14');
INSERT INTO `accesslog` (`sl_no`, `action_page`, `action_done`, `remarks`, `user_name`, `entry_date`) VALUES ('142', 'Sales', 'update', 'invoice_no-1017 total amount-295.00', '2', '2018-05-21 12:11:29');
INSERT INTO `accesslog` (`sl_no`, `action_page`, `action_done`, `remarks`, `user_name`, `entry_date`) VALUES ('143', 'Sales', 'update', 'invoice_no-1017 total amount-270.00', '2', '2018-05-21 12:17:17');
INSERT INTO `accesslog` (`sl_no`, `action_page`, `action_done`, `remarks`, `user_name`, `entry_date`) VALUES ('144', 'Sales', 'update', 'invoice_no-1017 total amount-270', '2', '2018-05-21 12:22:28');
INSERT INTO `accesslog` (`sl_no`, `action_page`, `action_done`, `remarks`, `user_name`, `entry_date`) VALUES ('145', 'Sales', 'update', 'invoice_no-1017 total amount-270', '2', '2018-05-21 12:23:52');
INSERT INTO `accesslog` (`sl_no`, `action_page`, `action_done`, `remarks`, `user_name`, `entry_date`) VALUES ('146', 'Sales', 'update', 'invoice_no-1018 total amount-560', '2', '2018-05-21 12:59:39');
INSERT INTO `accesslog` (`sl_no`, `action_page`, `action_done`, `remarks`, `user_name`, `entry_date`) VALUES ('147', 'Gurrantor', 'create', '0', '2', '2018-05-22 11:47:25');
INSERT INTO `accesslog` (`sl_no`, `action_page`, `action_done`, `remarks`, `user_name`, `entry_date`) VALUES ('148', 'Gurrantor', 'create', '3', '2', '2018-05-22 11:49:14');
INSERT INTO `accesslog` (`sl_no`, `action_page`, `action_done`, `remarks`, `user_name`, `entry_date`) VALUES ('149', 'Gurrantor', 'create', '4', '2', '2018-05-22 12:46:09');
INSERT INTO `accesslog` (`sl_no`, `action_page`, `action_done`, `remarks`, `user_name`, `entry_date`) VALUES ('150', 'Gurrantor', 'create', '5', '2', '2018-05-22 12:50:41');
INSERT INTO `accesslog` (`sl_no`, `action_page`, `action_done`, `remarks`, `user_name`, `entry_date`) VALUES ('151', 'Gurrantor', 'create', '6', '2', '2018-05-23 05:53:57');
INSERT INTO `accesslog` (`sl_no`, `action_page`, `action_done`, `remarks`, `user_name`, `entry_date`) VALUES ('152', 'Gurrantor', 'create', '7', '2', '2018-05-23 06:11:45');
INSERT INTO `accesslog` (`sl_no`, `action_page`, `action_done`, `remarks`, `user_name`, `entry_date`) VALUES ('153', 'Gurrantor', 'create', '8', '2', '2018-05-23 06:15:40');
INSERT INTO `accesslog` (`sl_no`, `action_page`, `action_done`, `remarks`, `user_name`, `entry_date`) VALUES ('154', 'Gurrantor', 'create', '9', '2', '2018-05-23 06:18:35');
INSERT INTO `accesslog` (`sl_no`, `action_page`, `action_done`, `remarks`, `user_name`, `entry_date`) VALUES ('155', 'Gurrantor', 'create', '10', '2', '2018-05-23 06:37:21');
INSERT INTO `accesslog` (`sl_no`, `action_page`, `action_done`, `remarks`, `user_name`, `entry_date`) VALUES ('156', 'Gurrantor', 'create', '11', '2', '2018-05-23 06:39:32');
INSERT INTO `accesslog` (`sl_no`, `action_page`, `action_done`, `remarks`, `user_name`, `entry_date`) VALUES ('157', 'Sales', 'create', 'invoice_no-1020 total amount-140.00', '2', '2018-05-23 07:06:22');
INSERT INTO `accesslog` (`sl_no`, `action_page`, `action_done`, `remarks`, `user_name`, `entry_date`) VALUES ('158', 'Sales', 'create', 'invoice_no-1021 total amount-140.00', '2', '2018-05-23 07:08:45');
INSERT INTO `accesslog` (`sl_no`, `action_page`, `action_done`, `remarks`, `user_name`, `entry_date`) VALUES ('159', 'Sales', 'create', 'invoice_no-1021 total amount-70.00', '2', '2018-05-23 07:19:51');
INSERT INTO `accesslog` (`sl_no`, `action_page`, `action_done`, `remarks`, `user_name`, `entry_date`) VALUES ('160', 'Gurrantor', 'create', '12', '2', '2018-05-23 08:46:54');
INSERT INTO `accesslog` (`sl_no`, `action_page`, `action_done`, `remarks`, `user_name`, `entry_date`) VALUES ('161', 'leases', 'create', 'Lease Id-4', '2', '2018-05-23 08:57:50');
INSERT INTO `accesslog` (`sl_no`, `action_page`, `action_done`, `remarks`, `user_name`, `entry_date`) VALUES ('162', 'leases', 'update', 'Lease Id-4', '2', '2018-05-23 09:52:57');
INSERT INTO `accesslog` (`sl_no`, `action_page`, `action_done`, `remarks`, `user_name`, `entry_date`) VALUES ('163', 'Sales', 'create', 'invoice_no-1022 total amount-105.00', '2', '2018-05-23 11:08:52');
INSERT INTO `accesslog` (`sl_no`, `action_page`, `action_done`, `remarks`, `user_name`, `entry_date`) VALUES ('164', 'Sales', 'create', 'invoice_no-1022 total amount-105.00', '2', '2018-05-23 11:12:31');
INSERT INTO `accesslog` (`sl_no`, `action_page`, `action_done`, `remarks`, `user_name`, `entry_date`) VALUES ('165', 'Sales', 'create', 'invoice_no-1022 total amount-70.00', '2', '2018-05-23 11:16:57');
INSERT INTO `accesslog` (`sl_no`, `action_page`, `action_done`, `remarks`, `user_name`, `entry_date`) VALUES ('166', 'Sales', 'create', 'invoice_no-1022 total amount-70.00', '2', '2018-05-23 11:21:13');
INSERT INTO `accesslog` (`sl_no`, `action_page`, `action_done`, `remarks`, `user_name`, `entry_date`) VALUES ('167', 'Sales', 'create', 'invoice_no-1022 total amount-35.00', '2', '2018-05-23 11:25:33');
INSERT INTO `accesslog` (`sl_no`, `action_page`, `action_done`, `remarks`, `user_name`, `entry_date`) VALUES ('168', 'Sales', 'create', 'invoice_no-1022 total amount-105.00', '2', '2018-05-23 11:31:39');
INSERT INTO `accesslog` (`sl_no`, `action_page`, `action_done`, `remarks`, `user_name`, `entry_date`) VALUES ('169', 'Sales', 'create', 'invoice_no-1023 total amount-485.00', '2', '2018-05-23 11:33:43');
INSERT INTO `accesslog` (`sl_no`, `action_page`, `action_done`, `remarks`, `user_name`, `entry_date`) VALUES ('170', 'Product', 'create', 'product ID :8', '2', '2018-05-24 06:43:06');
INSERT INTO `accesslog` (`sl_no`, `action_page`, `action_done`, `remarks`, `user_name`, `entry_date`) VALUES ('171', 'Product', 'create', 'product ID :9', '2', '2018-05-24 06:46:28');
INSERT INTO `accesslog` (`sl_no`, `action_page`, `action_done`, `remarks`, `user_name`, `entry_date`) VALUES ('172', 'Stockmovment', 'create', 'Stockmovment ID :1', '2', '2018-05-24 08:23:49');
INSERT INTO `accesslog` (`sl_no`, `action_page`, `action_done`, `remarks`, `user_name`, `entry_date`) VALUES ('173', 'Stockmovment', 'create', 'Stockmovment ID :1', '2', '2018-05-24 08:30:38');
INSERT INTO `accesslog` (`sl_no`, `action_page`, `action_done`, `remarks`, `user_name`, `entry_date`) VALUES ('174', 'Stockmovment', 'create', 'Stockmovment ID :2', '2', '2018-05-24 10:06:26');
INSERT INTO `accesslog` (`sl_no`, `action_page`, `action_done`, `remarks`, `user_name`, `entry_date`) VALUES ('175', 'Stockmovment', 'create', 'Stockmovment ID :5', '2', '2018-05-24 10:14:04');
INSERT INTO `accesslog` (`sl_no`, `action_page`, `action_done`, `remarks`, `user_name`, `entry_date`) VALUES ('176', 'Stockmovment', 'create', 'Stockmovment ID :1', '2', '2018-05-24 10:16:11');
INSERT INTO `accesslog` (`sl_no`, `action_page`, `action_done`, `remarks`, `user_name`, `entry_date`) VALUES ('177', 'Stockmovment', 'create', 'Stockmovment ID :2', '2', '2018-05-24 10:35:19');
INSERT INTO `accesslog` (`sl_no`, `action_page`, `action_done`, `remarks`, `user_name`, `entry_date`) VALUES ('178', 'Product', 'create', 'product ID :10', '2', '2018-05-24 10:36:31');
INSERT INTO `accesslog` (`sl_no`, `action_page`, `action_done`, `remarks`, `user_name`, `entry_date`) VALUES ('179', 'Stockmovment', 'create', 'Stockmovment ID :3', '2', '2018-05-24 10:39:46');
INSERT INTO `accesslog` (`sl_no`, `action_page`, `action_done`, `remarks`, `user_name`, `entry_date`) VALUES ('180', 'Stockmovment', 'create', 'Stockmovment ID :4', '2', '2018-05-24 10:40:15');
INSERT INTO `accesslog` (`sl_no`, `action_page`, `action_done`, `remarks`, `user_name`, `entry_date`) VALUES ('181', 'Stockmovment', 'create', 'Stockmovment ID :7', '2', '2018-05-24 10:50:09');
INSERT INTO `accesslog` (`sl_no`, `action_page`, `action_done`, `remarks`, `user_name`, `entry_date`) VALUES ('182', 'Sales', 'create', 'invoice_no-1024 total amount-110.00', '2', '2018-05-26 07:50:13');
INSERT INTO `accesslog` (`sl_no`, `action_page`, `action_done`, `remarks`, `user_name`, `entry_date`) VALUES ('183', 'Sales', 'create', 'invoice_no-1024 total amount-105.00', '2', '2018-05-26 07:58:47');
INSERT INTO `accesslog` (`sl_no`, `action_page`, `action_done`, `remarks`, `user_name`, `entry_date`) VALUES ('184', 'Sales', 'create', 'invoice_no-1024 total amount-175.00', '2', '2018-05-26 07:59:19');
INSERT INTO `accesslog` (`sl_no`, `action_page`, `action_done`, `remarks`, `user_name`, `entry_date`) VALUES ('185', 'Sales', 'create', 'invoice_no-1024 total amount-105.00', '2', '2018-05-26 08:00:40');
INSERT INTO `accesslog` (`sl_no`, `action_page`, `action_done`, `remarks`, `user_name`, `entry_date`) VALUES ('186', 'Sales', 'create', 'invoice_no-1024 total amount-105.00', '2', '2018-05-26 08:00:55');
INSERT INTO `accesslog` (`sl_no`, `action_page`, `action_done`, `remarks`, `user_name`, `entry_date`) VALUES ('187', 'Sales', 'create', 'invoice_no-1024 total amount-70.00', '2', '2018-05-26 08:02:29');
INSERT INTO `accesslog` (`sl_no`, `action_page`, `action_done`, `remarks`, `user_name`, `entry_date`) VALUES ('188', 'Sales', 'create', 'invoice_no-1024 total amount-70.00', '2', '2018-05-26 08:25:56');
INSERT INTO `accesslog` (`sl_no`, `action_page`, `action_done`, `remarks`, `user_name`, `entry_date`) VALUES ('189', 'Sales', 'create', 'invoice_no-1024 total amount-70.00', '2', '2018-05-26 08:26:32');
INSERT INTO `accesslog` (`sl_no`, `action_page`, `action_done`, `remarks`, `user_name`, `entry_date`) VALUES ('190', 'Sales', 'create', 'invoice_no-1025 total amount-105.00', '2', '2018-05-26 12:31:01');
INSERT INTO `accesslog` (`sl_no`, `action_page`, `action_done`, `remarks`, `user_name`, `entry_date`) VALUES ('191', 'Sales', 'create', 'invoice_no-1026 total amount-165.00', '2', '2018-05-26 12:32:04');
INSERT INTO `accesslog` (`sl_no`, `action_page`, `action_done`, `remarks`, `user_name`, `entry_date`) VALUES ('192', 'Product', 'create', 'product ID :11', '2', '2018-05-26 13:00:59');
INSERT INTO `accesslog` (`sl_no`, `action_page`, `action_done`, `remarks`, `user_name`, `entry_date`) VALUES ('193', 'Product', 'create', 'product ID :12', '2', '2018-05-27 07:18:05');
INSERT INTO `accesslog` (`sl_no`, `action_page`, `action_done`, `remarks`, `user_name`, `entry_date`) VALUES ('194', 'Product', 'delete', 'product ID :1', '2', '2018-05-27 07:27:56');
INSERT INTO `accesslog` (`sl_no`, `action_page`, `action_done`, `remarks`, `user_name`, `entry_date`) VALUES ('195', 'Product', 'update', 'product ID :12', '2', '2018-05-27 09:55:53');
INSERT INTO `accesslog` (`sl_no`, `action_page`, `action_done`, `remarks`, `user_name`, `entry_date`) VALUES ('196', 'Sales', 'create', 'invoice_no-1027 total amount-70.00', '2', '2018-05-27 10:32:26');
INSERT INTO `accesslog` (`sl_no`, `action_page`, `action_done`, `remarks`, `user_name`, `entry_date`) VALUES ('197', 'User', 'create', 'User ID :21', '2', '2018-05-27 10:38:38');
INSERT INTO `accesslog` (`sl_no`, `action_page`, `action_done`, `remarks`, `user_name`, `entry_date`) VALUES ('198', 'Customer', 'create', '26', '2', '2018-05-27 12:14:58');
INSERT INTO `accesslog` (`sl_no`, `action_page`, `action_done`, `remarks`, `user_name`, `entry_date`) VALUES ('199', 'Product', 'create', 'product ID :13', '2', '2018-05-28 05:40:44');
INSERT INTO `accesslog` (`sl_no`, `action_page`, `action_done`, `remarks`, `user_name`, `entry_date`) VALUES ('200', 'Product', 'update', 'product ID :13', '2', '2018-05-28 05:42:55');
INSERT INTO `accesslog` (`sl_no`, `action_page`, `action_done`, `remarks`, `user_name`, `entry_date`) VALUES ('201', 'Product', 'update', 'product ID :13', '2', '2018-05-28 05:43:38');
INSERT INTO `accesslog` (`sl_no`, `action_page`, `action_done`, `remarks`, `user_name`, `entry_date`) VALUES ('202', 'Sales', 'create', 'invoice_no-1028 total amount-350.00', '2', '2018-05-28 07:52:19');
INSERT INTO `accesslog` (`sl_no`, `action_page`, `action_done`, `remarks`, `user_name`, `entry_date`) VALUES ('203', 'Customer', 'create', '30', '2', '2018-05-28 08:36:22');
INSERT INTO `accesslog` (`sl_no`, `action_page`, `action_done`, `remarks`, `user_name`, `entry_date`) VALUES ('204', 'Customer', 'create', '31', '2', '2018-05-28 08:47:03');
INSERT INTO `accesslog` (`sl_no`, `action_page`, `action_done`, `remarks`, `user_name`, `entry_date`) VALUES ('205', 'sale ', 'delete', 'sales id-20180520123130', '2', '2018-05-28 07:19:45');
INSERT INTO `accesslog` (`sl_no`, `action_page`, `action_done`, `remarks`, `user_name`, `entry_date`) VALUES ('206', 'sale ', 'delete', 'sales id-20180526123204', '2', '2018-05-28 07:19:49');
INSERT INTO `accesslog` (`sl_no`, `action_page`, `action_done`, `remarks`, `user_name`, `entry_date`) VALUES ('207', 'sale ', 'delete', 'sales id-20180526123101', '2', '2018-05-28 07:19:52');
INSERT INTO `accesslog` (`sl_no`, `action_page`, `action_done`, `remarks`, `user_name`, `entry_date`) VALUES ('208', 'sale ', 'delete', 'sales id-20180521065014', '2', '2018-05-28 07:20:06');
INSERT INTO `accesslog` (`sl_no`, `action_page`, `action_done`, `remarks`, `user_name`, `entry_date`) VALUES ('209', 'sale ', 'delete', 'sales id-20180523113343', '2', '2018-05-28 07:51:37');
INSERT INTO `accesslog` (`sl_no`, `action_page`, `action_done`, `remarks`, `user_name`, `entry_date`) VALUES ('210', 'Sales', 'create', 'invoice_no-1029 total amount-175.00', '2', '2018-06-02 10:38:44');
INSERT INTO `accesslog` (`sl_no`, `action_page`, `action_done`, `remarks`, `user_name`, `entry_date`) VALUES ('211', 'Sales', 'create', 'invoice_no-1029 total amount-175.00', '2', '2018-06-02 10:43:38');
INSERT INTO `accesslog` (`sl_no`, `action_page`, `action_done`, `remarks`, `user_name`, `entry_date`) VALUES ('212', 'Sales', 'create', 'invoice_no-1030 total amount-70.00', '2', '2018-06-02 10:47:37');
INSERT INTO `accesslog` (`sl_no`, `action_page`, `action_done`, `remarks`, `user_name`, `entry_date`) VALUES ('213', 'recovery', 'create', 'payment ID :31', '2', '2018-06-02 11:32:04');
INSERT INTO `accesslog` (`sl_no`, `action_page`, `action_done`, `remarks`, `user_name`, `entry_date`) VALUES ('214', 'recovery', 'create', 'payment ID :32', '2', '2018-06-02 11:32:26');
INSERT INTO `accesslog` (`sl_no`, `action_page`, `action_done`, `remarks`, `user_name`, `entry_date`) VALUES ('215', 'recovery', 'create', 'payment ID :33', '2', '2018-06-02 11:34:53');
INSERT INTO `accesslog` (`sl_no`, `action_page`, `action_done`, `remarks`, `user_name`, `entry_date`) VALUES ('216', 'recovery', 'create', 'payment ID :34', '2', '2018-06-02 11:48:09');
INSERT INTO `accesslog` (`sl_no`, `action_page`, `action_done`, `remarks`, `user_name`, `entry_date`) VALUES ('217', 'recovery', 'create', 'payment ID :35', '2', '2018-06-02 12:03:47');
INSERT INTO `accesslog` (`sl_no`, `action_page`, `action_done`, `remarks`, `user_name`, `entry_date`) VALUES ('218', 'recovery', 'create', 'payment ID :36', '2', '2018-06-02 12:04:11');
INSERT INTO `accesslog` (`sl_no`, `action_page`, `action_done`, `remarks`, `user_name`, `entry_date`) VALUES ('219', 'recovery', 'create', 'payment ID :37', '2', '2018-06-02 12:04:34');
INSERT INTO `accesslog` (`sl_no`, `action_page`, `action_done`, `remarks`, `user_name`, `entry_date`) VALUES ('220', 'recovery', 'create', 'payment ID :38', '2', '2018-06-02 12:04:57');
INSERT INTO `accesslog` (`sl_no`, `action_page`, `action_done`, `remarks`, `user_name`, `entry_date`) VALUES ('221', 'recovery', 'create', 'payment ID :39', '2', '2018-06-02 12:05:22');
INSERT INTO `accesslog` (`sl_no`, `action_page`, `action_done`, `remarks`, `user_name`, `entry_date`) VALUES ('222', 'Sales', 'create', 'invoice_no-1031 total amount-450.00', '2', '2018-06-03 06:51:44');
INSERT INTO `accesslog` (`sl_no`, `action_page`, `action_done`, `remarks`, `user_name`, `entry_date`) VALUES ('223', 'recovery', 'create', 'payment ID :41', '2', '2018-06-03 07:01:05');
INSERT INTO `accesslog` (`sl_no`, `action_page`, `action_done`, `remarks`, `user_name`, `entry_date`) VALUES ('224', 'recovery', 'create', 'payment ID :42', '2', '2018-06-03 07:03:46');
INSERT INTO `accesslog` (`sl_no`, `action_page`, `action_done`, `remarks`, `user_name`, `entry_date`) VALUES ('225', 'recovery', 'create', 'payment ID :43', '2', '2018-06-03 07:04:07');
INSERT INTO `accesslog` (`sl_no`, `action_page`, `action_done`, `remarks`, `user_name`, `entry_date`) VALUES ('226', 'payment', 'create', 'payment ID :44', '2', '2018-06-03 07:22:42');
INSERT INTO `accesslog` (`sl_no`, `action_page`, `action_done`, `remarks`, `user_name`, `entry_date`) VALUES ('227', 'Sales', 'create', 'invoice_no-1032 total amount-175.00', '2', '2018-06-03 08:30:08');
INSERT INTO `accesslog` (`sl_no`, `action_page`, `action_done`, `remarks`, `user_name`, `entry_date`) VALUES ('228', 'recovery', 'create', 'payment ID :46', '2', '2018-06-03 11:23:02');
INSERT INTO `accesslog` (`sl_no`, `action_page`, `action_done`, `remarks`, `user_name`, `entry_date`) VALUES ('229', 'recovery', 'create', 'payment ID :47', '2', '2018-06-04 07:15:07');
INSERT INTO `accesslog` (`sl_no`, `action_page`, `action_done`, `remarks`, `user_name`, `entry_date`) VALUES ('230', 'Sales', 'create', 'invoice_no-1033 total amount-70.00', '2', '2018-06-04 07:16:06');
INSERT INTO `accesslog` (`sl_no`, `action_page`, `action_done`, `remarks`, `user_name`, `entry_date`) VALUES ('231', 'recovery', 'create', 'payment ID :49', '2', '2018-06-04 07:30:57');
INSERT INTO `accesslog` (`sl_no`, `action_page`, `action_done`, `remarks`, `user_name`, `entry_date`) VALUES ('232', 'recovery', 'create', 'payment ID :50', '2', '2018-06-04 07:39:10');
INSERT INTO `accesslog` (`sl_no`, `action_page`, `action_done`, `remarks`, `user_name`, `entry_date`) VALUES ('233', 'recovery', 'create', 'payment ID :51', '2', '2018-06-04 07:44:17');
INSERT INTO `accesslog` (`sl_no`, `action_page`, `action_done`, `remarks`, `user_name`, `entry_date`) VALUES ('234', 'Sales', 'create', 'invoice_no-1034 total amount-655.00', '9', '2018-06-04 10:34:22');
INSERT INTO `accesslog` (`sl_no`, `action_page`, `action_done`, `remarks`, `user_name`, `entry_date`) VALUES ('235', 'recovery', 'create', 'payment ID :53', '2', '2018-06-04 10:35:18');
INSERT INTO `accesslog` (`sl_no`, `action_page`, `action_done`, `remarks`, `user_name`, `entry_date`) VALUES ('236', 'Sales', 'create', 'invoice_no-1035 total amount-200.00', '2', '2018-06-04 10:41:38');
INSERT INTO `accesslog` (`sl_no`, `action_page`, `action_done`, `remarks`, `user_name`, `entry_date`) VALUES ('237', 'Store', 'create', 'Store ID :4', '2', '2018-06-04 10:42:08');
INSERT INTO `accesslog` (`sl_no`, `action_page`, `action_done`, `remarks`, `user_name`, `entry_date`) VALUES ('238', 'recovery', 'create', 'payment ID :55', '2', '2018-06-04 10:42:50');
INSERT INTO `accesslog` (`sl_no`, `action_page`, `action_done`, `remarks`, `user_name`, `entry_date`) VALUES ('239', 'recovery', 'create', 'payment ID :56', '2', '2018-06-04 10:43:31');
INSERT INTO `accesslog` (`sl_no`, `action_page`, `action_done`, `remarks`, `user_name`, `entry_date`) VALUES ('240', 'Sales', 'create', 'invoice_no-1036 total amount-145.00', '2', '2018-06-04 10:45:57');
INSERT INTO `accesslog` (`sl_no`, `action_page`, `action_done`, `remarks`, `user_name`, `entry_date`) VALUES ('241', 'recovery', 'create', 'payment ID :58', '2', '2018-06-04 10:46:38');
INSERT INTO `accesslog` (`sl_no`, `action_page`, `action_done`, `remarks`, `user_name`, `entry_date`) VALUES ('242', 'recovery', 'create', 'payment ID :59', '2', '2018-06-04 10:47:42');
INSERT INTO `accesslog` (`sl_no`, `action_page`, `action_done`, `remarks`, `user_name`, `entry_date`) VALUES ('243', 'recovery', 'create', 'payment ID :60', '2', '2018-06-04 10:50:02');
INSERT INTO `accesslog` (`sl_no`, `action_page`, `action_done`, `remarks`, `user_name`, `entry_date`) VALUES ('244', 'recovery', 'create', 'payment ID :61', '2', '2018-06-04 10:52:09');
INSERT INTO `accesslog` (`sl_no`, `action_page`, `action_done`, `remarks`, `user_name`, `entry_date`) VALUES ('245', 'recovery', 'create', 'payment ID :62', '2', '2018-06-05 07:38:34');
INSERT INTO `accesslog` (`sl_no`, `action_page`, `action_done`, `remarks`, `user_name`, `entry_date`) VALUES ('246', 'recovery', 'create', 'payment ID :63', '2', '2018-06-05 07:39:00');
INSERT INTO `accesslog` (`sl_no`, `action_page`, `action_done`, `remarks`, `user_name`, `entry_date`) VALUES ('247', 'recovery', 'create', 'payment ID :64', '2', '2018-06-05 07:39:58');
INSERT INTO `accesslog` (`sl_no`, `action_page`, `action_done`, `remarks`, `user_name`, `entry_date`) VALUES ('248', 'recovery', 'create', 'payment ID :65', '2', '2018-06-05 07:40:40');
INSERT INTO `accesslog` (`sl_no`, `action_page`, `action_done`, `remarks`, `user_name`, `entry_date`) VALUES ('249', 'recovery', 'create', 'payment ID :66', '2', '2018-06-05 07:41:14');
INSERT INTO `accesslog` (`sl_no`, `action_page`, `action_done`, `remarks`, `user_name`, `entry_date`) VALUES ('250', 'recovery', 'create', 'payment ID :67', '2', '2018-06-05 07:41:37');
INSERT INTO `accesslog` (`sl_no`, `action_page`, `action_done`, `remarks`, `user_name`, `entry_date`) VALUES ('251', 'Sales', 'create', 'invoice_no-1037 total amount-220.00', '2', '2018-06-05 07:45:06');
INSERT INTO `accesslog` (`sl_no`, `action_page`, `action_done`, `remarks`, `user_name`, `entry_date`) VALUES ('252', 'recovery', 'create', 'payment ID :69', '2', '2018-06-05 07:46:16');
INSERT INTO `accesslog` (`sl_no`, `action_page`, `action_done`, `remarks`, `user_name`, `entry_date`) VALUES ('253', 'recovery', 'create', 'payment ID :70', '2', '2018-06-05 07:46:51');
INSERT INTO `accesslog` (`sl_no`, `action_page`, `action_done`, `remarks`, `user_name`, `entry_date`) VALUES ('254', 'recovery', 'create', 'payment ID :71', '2', '2018-06-05 07:52:11');
INSERT INTO `accesslog` (`sl_no`, `action_page`, `action_done`, `remarks`, `user_name`, `entry_date`) VALUES ('255', 'recovery', 'create', 'payment ID :72', '2', '2018-06-05 07:53:04');
INSERT INTO `accesslog` (`sl_no`, `action_page`, `action_done`, `remarks`, `user_name`, `entry_date`) VALUES ('256', 'recovery', 'create', 'payment ID :73', '2', '2018-06-05 07:53:46');
INSERT INTO `accesslog` (`sl_no`, `action_page`, `action_done`, `remarks`, `user_name`, `entry_date`) VALUES ('257', 'recovery', 'create', 'payment ID :74', '2', '2018-06-05 07:54:17');
INSERT INTO `accesslog` (`sl_no`, `action_page`, `action_done`, `remarks`, `user_name`, `entry_date`) VALUES ('258', 'Sales', 'create', 'invoice_no-1000 total amount-310.00', '2', '2018-06-05 07:57:45');
INSERT INTO `accesslog` (`sl_no`, `action_page`, `action_done`, `remarks`, `user_name`, `entry_date`) VALUES ('259', 'recovery', 'create', 'payment ID :2', '2', '2018-06-05 07:58:13');
INSERT INTO `accesslog` (`sl_no`, `action_page`, `action_done`, `remarks`, `user_name`, `entry_date`) VALUES ('260', 'recovery', 'create', 'payment ID :3', '2', '2018-06-05 07:59:01');
INSERT INTO `accesslog` (`sl_no`, `action_page`, `action_done`, `remarks`, `user_name`, `entry_date`) VALUES ('261', 'recovery', 'create', 'payment ID :4', '2', '2018-06-05 08:00:51');
INSERT INTO `accesslog` (`sl_no`, `action_page`, `action_done`, `remarks`, `user_name`, `entry_date`) VALUES ('262', 'recovery', 'create', 'payment ID :5', '2', '2018-06-05 08:07:03');
INSERT INTO `accesslog` (`sl_no`, `action_page`, `action_done`, `remarks`, `user_name`, `entry_date`) VALUES ('263', 'recovery', 'create', 'payment ID :6', '2', '2018-06-05 08:11:39');
INSERT INTO `accesslog` (`sl_no`, `action_page`, `action_done`, `remarks`, `user_name`, `entry_date`) VALUES ('264', 'Sales', 'create', 'invoice_no-1001 total amount-395.00', '2', '2018-06-05 08:21:40');
INSERT INTO `accesslog` (`sl_no`, `action_page`, `action_done`, `remarks`, `user_name`, `entry_date`) VALUES ('265', 'recovery', 'create', 'payment ID :8', '2', '2018-06-05 08:22:24');
INSERT INTO `accesslog` (`sl_no`, `action_page`, `action_done`, `remarks`, `user_name`, `entry_date`) VALUES ('266', 'Sales', 'create', 'invoice_no-1002 total amount-140.00', '2', '2018-06-05 09:25:53');
INSERT INTO `accesslog` (`sl_no`, `action_page`, `action_done`, `remarks`, `user_name`, `entry_date`) VALUES ('267', 'recovery', 'create', 'payment ID :10', '2', '2018-06-05 09:26:38');
INSERT INTO `accesslog` (`sl_no`, `action_page`, `action_done`, `remarks`, `user_name`, `entry_date`) VALUES ('268', 'recovery', 'create', 'payment ID :11', '2', '2018-06-05 09:27:08');
INSERT INTO `accesslog` (`sl_no`, `action_page`, `action_done`, `remarks`, `user_name`, `entry_date`) VALUES ('269', 'Store', 'create', 'Store ID :5', '2', '2018-06-06 06:41:24');
INSERT INTO `accesslog` (`sl_no`, `action_page`, `action_done`, `remarks`, `user_name`, `entry_date`) VALUES ('270', 'recovery', 'create', 'payment ID :12', '2', '2018-06-06 08:09:01');
INSERT INTO `accesslog` (`sl_no`, `action_page`, `action_done`, `remarks`, `user_name`, `entry_date`) VALUES ('271', 'Sales', 'create', 'invoice_no-1003 total amount-470.00', '2', '2018-06-06 08:22:07');
INSERT INTO `accesslog` (`sl_no`, `action_page`, `action_done`, `remarks`, `user_name`, `entry_date`) VALUES ('272', 'recovery', 'create', 'payment ID :14', '2', '2018-06-06 08:23:20');
INSERT INTO `accesslog` (`sl_no`, `action_page`, `action_done`, `remarks`, `user_name`, `entry_date`) VALUES ('273', 'recovery', 'create', 'payment ID :15', '2', '2018-06-06 09:26:49');
INSERT INTO `accesslog` (`sl_no`, `action_page`, `action_done`, `remarks`, `user_name`, `entry_date`) VALUES ('274', 'stockmovement ', 'create', 'receive_id-', '2', '2018-06-07 05:46:14');
INSERT INTO `accesslog` (`sl_no`, `action_page`, `action_done`, `remarks`, `user_name`, `entry_date`) VALUES ('275', 'stockmovement ', 'create', 'receive_id-', '2', '2018-06-07 05:51:59');
INSERT INTO `accesslog` (`sl_no`, `action_page`, `action_done`, `remarks`, `user_name`, `entry_date`) VALUES ('276', 'stockmovement ', 'create', 'receive_id-', '2', '2018-06-07 05:52:49');
INSERT INTO `accesslog` (`sl_no`, `action_page`, `action_done`, `remarks`, `user_name`, `entry_date`) VALUES ('277', 'stockmovement ', 'create', 'receive_id-', '2', '2018-06-07 05:54:38');
INSERT INTO `accesslog` (`sl_no`, `action_page`, `action_done`, `remarks`, `user_name`, `entry_date`) VALUES ('278', 'stockmovement ', 'create', 'receive_id-', '2', '2018-06-07 05:55:26');
INSERT INTO `accesslog` (`sl_no`, `action_page`, `action_done`, `remarks`, `user_name`, `entry_date`) VALUES ('279', 'stockmovement ', 'create', 'receive_id-', '2', '2018-06-07 06:01:42');
INSERT INTO `accesslog` (`sl_no`, `action_page`, `action_done`, `remarks`, `user_name`, `entry_date`) VALUES ('280', 'stockmovement ', 'create', 'receive_id-', '2', '2018-06-07 06:03:17');
INSERT INTO `accesslog` (`sl_no`, `action_page`, `action_done`, `remarks`, `user_name`, `entry_date`) VALUES ('281', 'Sales', 'create', 'invoice_no-1004 total amount-415.00', '2', '2018-06-07 07:02:31');
INSERT INTO `accesslog` (`sl_no`, `action_page`, `action_done`, `remarks`, `user_name`, `entry_date`) VALUES ('282', 'recovery', 'create', 'payment ID :17', '2', '2018-06-07 07:03:16');
INSERT INTO `accesslog` (`sl_no`, `action_page`, `action_done`, `remarks`, `user_name`, `entry_date`) VALUES ('283', 'Sales', 'create', 'invoice_no-1005 total amount-700.00', '2', '2018-06-07 08:20:15');
INSERT INTO `accesslog` (`sl_no`, `action_page`, `action_done`, `remarks`, `user_name`, `entry_date`) VALUES ('284', 'Sales', 'create', 'invoice_no-1006 total amount-350.00', '2', '2018-06-09 08:35:21');
INSERT INTO `accesslog` (`sl_no`, `action_page`, `action_done`, `remarks`, `user_name`, `entry_date`) VALUES ('285', 'recovery', 'create', 'payment ID :20', '2', '2018-06-09 08:46:55');
INSERT INTO `accesslog` (`sl_no`, `action_page`, `action_done`, `remarks`, `user_name`, `entry_date`) VALUES ('286', 'Sales', 'create', 'invoice_no-1007 total amount-430.00', '2', '2018-06-09 10:08:40');
INSERT INTO `accesslog` (`sl_no`, `action_page`, `action_done`, `remarks`, `user_name`, `entry_date`) VALUES ('287', 'recovery', 'create', 'payment ID :22', '2', '2018-06-09 10:09:10');
INSERT INTO `accesslog` (`sl_no`, `action_page`, `action_done`, `remarks`, `user_name`, `entry_date`) VALUES ('288', 'recovery', 'create', 'payment ID :23', '2', '2018-06-09 10:53:20');
INSERT INTO `accesslog` (`sl_no`, `action_page`, `action_done`, `remarks`, `user_name`, `entry_date`) VALUES ('289', 'Product', 'create', 'product ID :14', '2', '2018-06-12 07:45:21');
INSERT INTO `accesslog` (`sl_no`, `action_page`, `action_done`, `remarks`, `user_name`, `entry_date`) VALUES ('290', 'purchase order', 'create', 'Orde Id-20180612103148 total amount-330.00', '2', '2018-06-12 10:31:48');
INSERT INTO `accesslog` (`sl_no`, `action_page`, `action_done`, `remarks`, `user_name`, `entry_date`) VALUES ('291', 'purchase order', 'create', 'Orde Id-20180612103551 total amount-180.00', '2', '2018-06-12 10:35:51');
INSERT INTO `accesslog` (`sl_no`, `action_page`, `action_done`, `remarks`, `user_name`, `entry_date`) VALUES ('292', 'purchase order', 'create', 'Orde Id-20180612103748 total amount-225.00', '2', '2018-06-12 10:37:48');
INSERT INTO `accesslog` (`sl_no`, `action_page`, `action_done`, `remarks`, `user_name`, `entry_date`) VALUES ('293', 'purchase order', 'create', 'Orde Id-20180612104319 total amount-160.00', '2', '2018-06-12 10:43:19');
INSERT INTO `accesslog` (`sl_no`, `action_page`, `action_done`, `remarks`, `user_name`, `entry_date`) VALUES ('294', 'purchase order', 'create', 'Orde Id-20180612105558 total amount-300.00', '2', '2018-06-12 10:55:58');
INSERT INTO `accesslog` (`sl_no`, `action_page`, `action_done`, `remarks`, `user_name`, `entry_date`) VALUES ('295', 'purchase order', 'create', 'Orde Id-20180612124820 total amount-619.00', '2', '2018-06-12 12:48:21');
INSERT INTO `accesslog` (`sl_no`, `action_page`, `action_done`, `remarks`, `user_name`, `entry_date`) VALUES ('296', 'Sales', 'create', 'invoice_no-1008 total amount-105.00', '2', '2018-06-23 07:51:23');
INSERT INTO `accesslog` (`sl_no`, `action_page`, `action_done`, `remarks`, `user_name`, `entry_date`) VALUES ('297', 'Sales', 'create', 'invoice_no-1009 total amount-105.00', '2', '2018-06-23 07:51:45');
INSERT INTO `accesslog` (`sl_no`, `action_page`, `action_done`, `remarks`, `user_name`, `entry_date`) VALUES ('298', 'purchase order', 'create', 'Orde Id-20180623084403 total amount-1040.00', '2', '2018-06-23 08:44:03');
INSERT INTO `accesslog` (`sl_no`, `action_page`, `action_done`, `remarks`, `user_name`, `entry_date`) VALUES ('299', 'purchase Receive', 'delete', 'Receive Id-201806070617', '2', '2018-06-23 10:39:08');
INSERT INTO `accesslog` (`sl_no`, `action_page`, `action_done`, `remarks`, `user_name`, `entry_date`) VALUES ('300', 'purchase Receive', 'delete', 'Receive Id-20180607060317', '2', '2018-06-23 10:39:12');
INSERT INTO `accesslog` (`sl_no`, `action_page`, `action_done`, `remarks`, `user_name`, `entry_date`) VALUES ('301', 'purchase order receive', 'create', 'Orde Id- total amount-190.00', '2', '2018-06-23 11:07:10');
INSERT INTO `accesslog` (`sl_no`, `action_page`, `action_done`, `remarks`, `user_name`, `entry_date`) VALUES ('302', 'purchase order receive', 'create', 'Orde Id- total amount-385.00', '2', '2018-06-23 11:07:36');
INSERT INTO `accesslog` (`sl_no`, `action_page`, `action_done`, `remarks`, `user_name`, `entry_date`) VALUES ('303', 'Stockmovment', 'create', 'Stockmovment ID :8', '2', '2018-06-23 11:38:55');
INSERT INTO `accesslog` (`sl_no`, `action_page`, `action_done`, `remarks`, `user_name`, `entry_date`) VALUES ('304', 'Stockmovment', 'create', 'Stockmovment ID :9', '2', '2018-06-23 11:40:15');
INSERT INTO `accesslog` (`sl_no`, `action_page`, `action_done`, `remarks`, `user_name`, `entry_date`) VALUES ('305', 'Stockmovment', 'create', 'Stockmovment ID :10', '2', '2018-06-23 12:04:54');
INSERT INTO `accesslog` (`sl_no`, `action_page`, `action_done`, `remarks`, `user_name`, `entry_date`) VALUES ('306', 'User', 'create', 'User ID :22', '2', '2018-06-23 12:32:24');
INSERT INTO `accesslog` (`sl_no`, `action_page`, `action_done`, `remarks`, `user_name`, `entry_date`) VALUES ('307', 'Role Permission', 'update', 'Role id :3', '2', '2018-06-23 12:33:25');
INSERT INTO `accesslog` (`sl_no`, `action_page`, `action_done`, `remarks`, `user_name`, `entry_date`) VALUES ('308', 'User', 'create', 'User ID :23', '2', '2018-06-23 12:35:42');
INSERT INTO `accesslog` (`sl_no`, `action_page`, `action_done`, `remarks`, `user_name`, `entry_date`) VALUES ('309', 'stockmovement ', 'create', 'receive_id-', '23', '2018-06-23 12:37:55');
INSERT INTO `accesslog` (`sl_no`, `action_page`, `action_done`, `remarks`, `user_name`, `entry_date`) VALUES ('310', 'Role Permission', 'create', 'Role id :52', '11', '2018-07-04 08:02:46');
INSERT INTO `accesslog` (`sl_no`, `action_page`, `action_done`, `remarks`, `user_name`, `entry_date`) VALUES ('311', 'Role Permission', 'create', 'Role id :108', '1', '2018-07-04 08:04:22');
INSERT INTO `accesslog` (`sl_no`, `action_page`, `action_done`, `remarks`, `user_name`, `entry_date`) VALUES ('312', 'Role Permission', 'create', 'Role id :164', '1', '2018-07-04 08:10:44');
INSERT INTO `accesslog` (`sl_no`, `action_page`, `action_done`, `remarks`, `user_name`, `entry_date`) VALUES ('313', 'Role Permission', 'create', 'Role id :220', '1', '2018-07-04 08:24:53');
INSERT INTO `accesslog` (`sl_no`, `action_page`, `action_done`, `remarks`, `user_name`, `entry_date`) VALUES ('314', 'Role Permission', 'create', 'Role id :281', '1', '2018-07-04 13:30:07');
INSERT INTO `accesslog` (`sl_no`, `action_page`, `action_done`, `remarks`, `user_name`, `entry_date`) VALUES ('315', 'Role Permission', 'create', 'Role id :1', '1', '2018-07-04 13:36:41');
INSERT INTO `accesslog` (`sl_no`, `action_page`, `action_done`, `remarks`, `user_name`, `entry_date`) VALUES ('316', 'Role Permission', 'create', 'Role id :1', '1', '2018-07-04 13:54:24');
INSERT INTO `accesslog` (`sl_no`, `action_page`, `action_done`, `remarks`, `user_name`, `entry_date`) VALUES ('317', 'Role Permission', 'create', 'Role id :59', '1', '2018-07-04 13:59:41');
INSERT INTO `accesslog` (`sl_no`, `action_page`, `action_done`, `remarks`, `user_name`, `entry_date`) VALUES ('318', 'Role Permission', 'create', 'Role id :117', '1', '2018-07-04 14:30:21');
INSERT INTO `accesslog` (`sl_no`, `action_page`, `action_done`, `remarks`, `user_name`, `entry_date`) VALUES ('319', 'Role Permission', 'create', 'Role id :175', '1', '2018-07-04 14:46:08');
INSERT INTO `accesslog` (`sl_no`, `action_page`, `action_done`, `remarks`, `user_name`, `entry_date`) VALUES ('320', 'Role Permission', 'create', 'Role id :233', '1', '2018-07-04 15:00:23');
INSERT INTO `accesslog` (`sl_no`, `action_page`, `action_done`, `remarks`, `user_name`, `entry_date`) VALUES ('321', 'Role Permission', 'create', 'Role id :291', '1', '2018-07-05 14:25:37');
INSERT INTO `accesslog` (`sl_no`, `action_page`, `action_done`, `remarks`, `user_name`, `entry_date`) VALUES ('322', 'Role Permission', 'create', 'Role id :349', '1', '2018-07-05 14:27:52');
INSERT INTO `accesslog` (`sl_no`, `action_page`, `action_done`, `remarks`, `user_name`, `entry_date`) VALUES ('323', 'Role Permission', 'create', 'Role id :407', '1', '2018-07-05 14:31:54');
INSERT INTO `accesslog` (`sl_no`, `action_page`, `action_done`, `remarks`, `user_name`, `entry_date`) VALUES ('324', 'Role Permission', 'create', 'Role id :465', '1', '2018-07-05 15:58:41');
INSERT INTO `accesslog` (`sl_no`, `action_page`, `action_done`, `remarks`, `user_name`, `entry_date`) VALUES ('325', 'Role Permission', 'create', 'Role id :523', '1', '2018-07-05 15:59:15');
INSERT INTO `accesslog` (`sl_no`, `action_page`, `action_done`, `remarks`, `user_name`, `entry_date`) VALUES ('326', 'Role Permission', 'create', 'Role id :581', '1', '2018-07-05 16:09:19');
INSERT INTO `accesslog` (`sl_no`, `action_page`, `action_done`, `remarks`, `user_name`, `entry_date`) VALUES ('327', 'Role Permission', 'create', 'Role id :639', '1', '2018-07-05 16:11:35');
INSERT INTO `accesslog` (`sl_no`, `action_page`, `action_done`, `remarks`, `user_name`, `entry_date`) VALUES ('328', 'Role Permission', 'create', 'Role id :697', '1', '2018-07-05 16:12:09');
INSERT INTO `accesslog` (`sl_no`, `action_page`, `action_done`, `remarks`, `user_name`, `entry_date`) VALUES ('329', 'Role Permission', 'create', 'Role id :755', '1', '2018-07-05 16:22:43');
INSERT INTO `accesslog` (`sl_no`, `action_page`, `action_done`, `remarks`, `user_name`, `entry_date`) VALUES ('330', 'Role Permission', 'create', 'Role id :813', '1', '2018-07-05 16:23:23');
INSERT INTO `accesslog` (`sl_no`, `action_page`, `action_done`, `remarks`, `user_name`, `entry_date`) VALUES ('331', 'Role Permission', 'create', 'Role id :871', '1', '2018-07-05 16:25:04');
INSERT INTO `accesslog` (`sl_no`, `action_page`, `action_done`, `remarks`, `user_name`, `entry_date`) VALUES ('332', 'Role Permission', 'create', 'Role id :929', '1', '2018-07-05 16:25:41');
INSERT INTO `accesslog` (`sl_no`, `action_page`, `action_done`, `remarks`, `user_name`, `entry_date`) VALUES ('333', 'Role Permission', 'create', 'Role id :987', '1', '2018-07-07 07:32:31');
INSERT INTO `accesslog` (`sl_no`, `action_page`, `action_done`, `remarks`, `user_name`, `entry_date`) VALUES ('334', 'Role Permission', 'create', 'Role id :1045', '1', '2018-07-07 07:33:13');
INSERT INTO `accesslog` (`sl_no`, `action_page`, `action_done`, `remarks`, `user_name`, `entry_date`) VALUES ('335', 'Role Permission', 'create', 'Role id :1103', '1', '2018-07-07 07:54:19');
INSERT INTO `accesslog` (`sl_no`, `action_page`, `action_done`, `remarks`, `user_name`, `entry_date`) VALUES ('336', 'Role Permission', 'create', 'Role id :1161', '1', '2018-07-07 07:56:16');
INSERT INTO `accesslog` (`sl_no`, `action_page`, `action_done`, `remarks`, `user_name`, `entry_date`) VALUES ('337', 'Role Permission', 'create', 'Role id :1219', '1', '2018-07-07 07:58:02');
INSERT INTO `accesslog` (`sl_no`, `action_page`, `action_done`, `remarks`, `user_name`, `entry_date`) VALUES ('338', 'Role Permission', 'create', 'Role id :1', '1', '2018-07-07 08:39:07');
INSERT INTO `accesslog` (`sl_no`, `action_page`, `action_done`, `remarks`, `user_name`, `entry_date`) VALUES ('339', 'Role Permission', 'create', 'Role id :59', '1', '2018-07-07 08:39:54');
INSERT INTO `accesslog` (`sl_no`, `action_page`, `action_done`, `remarks`, `user_name`, `entry_date`) VALUES ('340', 'Role Permission', 'create', 'Role id :117', '1', '2018-07-15 12:21:24');
INSERT INTO `accesslog` (`sl_no`, `action_page`, `action_done`, `remarks`, `user_name`, `entry_date`) VALUES ('341', 'Role Permission', 'create', 'Role id :175', '1', '2018-07-15 14:15:19');
INSERT INTO `accesslog` (`sl_no`, `action_page`, `action_done`, `remarks`, `user_name`, `entry_date`) VALUES ('342', 'Role Permission', 'create', 'Role id :233', '1', '2018-07-25 07:47:48');
INSERT INTO `accesslog` (`sl_no`, `action_page`, `action_done`, `remarks`, `user_name`, `entry_date`) VALUES ('343', 'Role Permission', 'create', 'Role id :291', '1', '2018-07-28 07:20:39');
INSERT INTO `accesslog` (`sl_no`, `action_page`, `action_done`, `remarks`, `user_name`, `entry_date`) VALUES ('344', 'Role Permission', 'create', 'Role id :349', '1', '2018-07-30 11:09:07');
INSERT INTO `accesslog` (`sl_no`, `action_page`, `action_done`, `remarks`, `user_name`, `entry_date`) VALUES ('345', 'Role Permission', 'create', 'Role id :407', '1', '2018-07-30 11:20:52');
INSERT INTO `accesslog` (`sl_no`, `action_page`, `action_done`, `remarks`, `user_name`, `entry_date`) VALUES ('346', 'Role Permission', 'create', 'Role id :465', '1', '2018-08-02 08:46:02');
INSERT INTO `accesslog` (`sl_no`, `action_page`, `action_done`, `remarks`, `user_name`, `entry_date`) VALUES ('347', 'Role Permission', 'create', 'Role id :523', '1', '2018-08-02 12:01:25');
INSERT INTO `accesslog` (`sl_no`, `action_page`, `action_done`, `remarks`, `user_name`, `entry_date`) VALUES ('348', 'Role Permission', 'create', 'Role id :586', '1', '2018-08-02 12:03:50');
INSERT INTO `accesslog` (`sl_no`, `action_page`, `action_done`, `remarks`, `user_name`, `entry_date`) VALUES ('349', 'Role Permission', 'create', 'Role id :649', '1', '2018-08-02 12:05:21');
INSERT INTO `accesslog` (`sl_no`, `action_page`, `action_done`, `remarks`, `user_name`, `entry_date`) VALUES ('350', 'Role Permission', 'create', 'Role id :712', '1', '2018-08-02 12:06:16');
INSERT INTO `accesslog` (`sl_no`, `action_page`, `action_done`, `remarks`, `user_name`, `entry_date`) VALUES ('351', 'Role Permission', 'create', 'Role id :775', '1', '2018-08-02 12:07:09');
INSERT INTO `accesslog` (`sl_no`, `action_page`, `action_done`, `remarks`, `user_name`, `entry_date`) VALUES ('352', 'Role Permission', 'create', 'Role id :838', '1', '2018-08-02 12:08:17');
INSERT INTO `accesslog` (`sl_no`, `action_page`, `action_done`, `remarks`, `user_name`, `entry_date`) VALUES ('353', 'Role Permission', 'create', 'Role id :901', '1', '2018-08-02 12:12:05');
INSERT INTO `accesslog` (`sl_no`, `action_page`, `action_done`, `remarks`, `user_name`, `entry_date`) VALUES ('354', 'Role Permission', 'create', 'Role id :964', '1', '2018-08-02 12:16:17');
INSERT INTO `accesslog` (`sl_no`, `action_page`, `action_done`, `remarks`, `user_name`, `entry_date`) VALUES ('355', 'Role Permission', 'create', 'Role id :1027', '1', '2018-08-02 12:16:54');
INSERT INTO `accesslog` (`sl_no`, `action_page`, `action_done`, `remarks`, `user_name`, `entry_date`) VALUES ('356', 'Role Permission', 'create', 'Role id :1090', '1', '2018-08-02 12:20:05');
INSERT INTO `accesslog` (`sl_no`, `action_page`, `action_done`, `remarks`, `user_name`, `entry_date`) VALUES ('357', 'Role Permission', 'create', 'Role id :1153', '1', '2018-08-04 11:12:00');
INSERT INTO `accesslog` (`sl_no`, `action_page`, `action_done`, `remarks`, `user_name`, `entry_date`) VALUES ('358', 'Role Permission', 'create', 'Role id :1216', '1', '2018-08-04 11:12:05');
INSERT INTO `accesslog` (`sl_no`, `action_page`, `action_done`, `remarks`, `user_name`, `entry_date`) VALUES ('359', 'Role Permission', 'create', 'Role id :1279', '1', '2018-08-04 11:16:14');
INSERT INTO `accesslog` (`sl_no`, `action_page`, `action_done`, `remarks`, `user_name`, `entry_date`) VALUES ('360', 'Role Permission', 'create', 'Role id :1342', '1', '2018-08-04 10:16:29');
INSERT INTO `accesslog` (`sl_no`, `action_page`, `action_done`, `remarks`, `user_name`, `entry_date`) VALUES ('361', 'Role Permission', 'create', 'Role id :1405', '1', '2018-08-04 10:17:00');
INSERT INTO `accesslog` (`sl_no`, `action_page`, `action_done`, `remarks`, `user_name`, `entry_date`) VALUES ('362', 'Role Permission', 'create', 'Role id :1468', '1', '2018-08-04 10:41:57');
INSERT INTO `accesslog` (`sl_no`, `action_page`, `action_done`, `remarks`, `user_name`, `entry_date`) VALUES ('363', 'Role Permission', 'create', 'Role id :1531', '1', '2018-08-04 10:48:34');
INSERT INTO `accesslog` (`sl_no`, `action_page`, `action_done`, `remarks`, `user_name`, `entry_date`) VALUES ('364', 'Role Permission', 'create', 'Role id :1594', '1', '2018-08-04 10:48:43');
INSERT INTO `accesslog` (`sl_no`, `action_page`, `action_done`, `remarks`, `user_name`, `entry_date`) VALUES ('365', 'Role Permission', 'create', 'Role id :1657', '1', '2018-08-04 10:54:58');
INSERT INTO `accesslog` (`sl_no`, `action_page`, `action_done`, `remarks`, `user_name`, `entry_date`) VALUES ('366', 'Role Permission', 'create', 'Role id :1720', '1', '2018-08-04 10:55:07');
INSERT INTO `accesslog` (`sl_no`, `action_page`, `action_done`, `remarks`, `user_name`, `entry_date`) VALUES ('367', 'Role Permission', 'create', 'Role id :1783', '1', '2018-08-04 11:18:26');
INSERT INTO `accesslog` (`sl_no`, `action_page`, `action_done`, `remarks`, `user_name`, `entry_date`) VALUES ('368', 'Role Permission', 'create', 'Role id :1846', '1', '2018-08-05 06:43:41');
INSERT INTO `accesslog` (`sl_no`, `action_page`, `action_done`, `remarks`, `user_name`, `entry_date`) VALUES ('369', 'Role Permission', 'create', 'Role id :1909', '1', '2018-08-05 06:43:53');
INSERT INTO `accesslog` (`sl_no`, `action_page`, `action_done`, `remarks`, `user_name`, `entry_date`) VALUES ('370', 'Role Permission', 'create', 'Role id :1972', '1', '2018-08-05 06:44:37');
INSERT INTO `accesslog` (`sl_no`, `action_page`, `action_done`, `remarks`, `user_name`, `entry_date`) VALUES ('371', 'Role Permission', 'create', 'Role id :1', '1', '2018-08-05 10:32:49');
INSERT INTO `accesslog` (`sl_no`, `action_page`, `action_done`, `remarks`, `user_name`, `entry_date`) VALUES ('372', 'Role Permission', 'create', 'Role id :64', '1', '2018-08-05 10:38:13');
INSERT INTO `accesslog` (`sl_no`, `action_page`, `action_done`, `remarks`, `user_name`, `entry_date`) VALUES ('373', 'Role Permission', 'create', 'Role id :127', '1', '2018-08-05 10:44:11');
INSERT INTO `accesslog` (`sl_no`, `action_page`, `action_done`, `remarks`, `user_name`, `entry_date`) VALUES ('374', 'Role Permission', 'create', 'Role id :190', '1', '2018-08-05 10:48:59');


#
# TABLE STRUCTURE FOR: account_2
#

DROP TABLE IF EXISTS `account_2`;

CREATE TABLE `account_2` (
  `account_id` int(11) NOT NULL AUTO_INCREMENT,
  `account_name` varchar(40) NOT NULL,
  `created_at` timestamp NOT NULL DEFAULT CURRENT_TIMESTAMP,
  `parent_id` int(1) NOT NULL,
  `status` int(11) NOT NULL,
  PRIMARY KEY (`account_id`)
) ENGINE=InnoDB DEFAULT CHARSET=utf8;

#
# TABLE STRUCTURE FOR: accounts
#

DROP TABLE IF EXISTS `accounts`;

CREATE TABLE `accounts` (
  `account_id` varchar(220) NOT NULL,
  `account_table_name` varchar(255) NOT NULL,
  `account_name` varchar(255) NOT NULL,
  `status` int(5) NOT NULL
) ENGINE=InnoDB DEFAULT CHARSET=utf8;

#
# TABLE STRUCTURE FOR: bank_add
#

DROP TABLE IF EXISTS `bank_add`;

CREATE TABLE `bank_add` (
  `bank_id` varchar(255) NOT NULL,
  `bank_name` varchar(255) NOT NULL,
  `ac_name` varchar(250) DEFAULT NULL,
  `ac_number` varchar(250) DEFAULT NULL,
  `branch` varchar(250) DEFAULT NULL,
  `signature_pic` varchar(250) DEFAULT NULL,
  `status` int(11) DEFAULT NULL
) ENGINE=InnoDB DEFAULT CHARSET=utf8;

#
# TABLE STRUCTURE FOR: bank_summary
#

DROP TABLE IF EXISTS `bank_summary`;

CREATE TABLE `bank_summary` (
  `bank_id` varchar(250) DEFAULT NULL,
  `description` text,
  `deposite_id` varchar(250) DEFAULT NULL,
  `date` varchar(250) DEFAULT NULL,
  `ac_type` varchar(50) DEFAULT NULL,
  `dr` float DEFAULT NULL,
  `cr` float DEFAULT NULL,
  `ammount` float DEFAULT NULL,
  `status` int(11) NOT NULL DEFAULT '1'
) ENGINE=InnoDB DEFAULT CHARSET=utf8;

#
# TABLE STRUCTURE FOR: cheque_manger
#

DROP TABLE IF EXISTS `cheque_manger`;

CREATE TABLE `cheque_manger` (
  `cheque_id` varchar(100) NOT NULL,
  `transection_id` varchar(100) NOT NULL,
  `customer_id` varchar(100) NOT NULL,
  `bank_id` varchar(100) NOT NULL,
  `cheque_no` varchar(100) NOT NULL,
  `date` varchar(50) NOT NULL,
  `transection_type` varchar(100) NOT NULL,
  `cheque_status` varchar(30) NOT NULL,
  `amount` float NOT NULL,
  `status` int(2) NOT NULL,
  PRIMARY KEY (`cheque_id`)
) ENGINE=InnoDB DEFAULT CHARSET=utf8;

#
# TABLE STRUCTURE FOR: ci_sessions
#

DROP TABLE IF EXISTS `ci_sessions`;

CREATE TABLE `ci_sessions` (
  `id` varchar(128) NOT NULL,
  `ip_address` varchar(45) NOT NULL,
  `timestamp` int(10) unsigned NOT NULL DEFAULT '0',
  `data` blob NOT NULL,
  KEY `ci_sessions_timestamp` (`timestamp`)
) ENGINE=InnoDB DEFAULT CHARSET=utf8;

#
# TABLE STRUCTURE FOR: company_information
#

DROP TABLE IF EXISTS `company_information`;

CREATE TABLE `company_information` (
  `company_id` varchar(250) NOT NULL,
  `company_name` varchar(50) NOT NULL,
  `email` varchar(50) NOT NULL,
  `address` text NOT NULL,
  `mobile` varchar(30) NOT NULL,
  `website` varchar(50) NOT NULL,
  `status` int(11) NOT NULL
) ENGINE=InnoDB DEFAULT CHARSET=utf8;

#
# TABLE STRUCTURE FOR: customer_information
#

DROP TABLE IF EXISTS `customer_information`;

CREATE TABLE `customer_information` (
  `customer_id` varchar(250) NOT NULL,
  `customer_name` varchar(255) DEFAULT NULL,
  `customer_address` varchar(255) NOT NULL,
  `customer_mobile` varchar(100) NOT NULL,
  `customer_email` varchar(100) NOT NULL,
  `status` int(2) NOT NULL,
  PRIMARY KEY (`customer_id`)
) ENGINE=MyISAM DEFAULT CHARSET=utf8;

INSERT INTO `customer_information` (`customer_id`, `customer_name`, `customer_address`, `customer_mobile`, `customer_email`, `status`) VALUES ('M77BNMINM8WLBUS', 'Hassan', 'Dhaka', '', '', '2');
INSERT INTO `customer_information` (`customer_id`, `customer_name`, `customer_address`, `customer_mobile`, `customer_email`, `status`) VALUES ('FOAMI9S7EC4GWE1', 'Arafat', 'fsdfsdf', '', '', '1');
INSERT INTO `customer_information` (`customer_id`, `customer_name`, `customer_address`, `customer_mobile`, `customer_email`, `status`) VALUES ('442GD4V37BMN8TA', 'tanzil', '387 South Tejgaon', '', '', '1');


#
# TABLE STRUCTURE FOR: customer_ledger
#

DROP TABLE IF EXISTS `customer_ledger`;

CREATE TABLE `customer_ledger` (
  `transaction_id` varchar(100) NOT NULL,
  `customer_id` varchar(100) NOT NULL,
  `invoice_no` varchar(100) DEFAULT NULL,
  `receipt_no` varchar(50) DEFAULT NULL,
  `amount` float DEFAULT NULL,
  `description` varchar(255) NOT NULL,
  `payment_type` varchar(255) NOT NULL,
  `cheque_no` varchar(255) NOT NULL,
  `date` varchar(50) NOT NULL,
  `status` int(2) NOT NULL,
  `id` int(11) NOT NULL AUTO_INCREMENT,
  `d_c` varchar(1) DEFAULT NULL,
  PRIMARY KEY (`id`),
  KEY `receipt_no` (`receipt_no`),
  KEY `receipt_no_2` (`receipt_no`),
  KEY `receipt_no_3` (`receipt_no`),
  KEY `receipt_no_4` (`receipt_no`)
) ENGINE=MyISAM AUTO_INCREMENT=16 DEFAULT CHARSET=utf8;

INSERT INTO `customer_ledger` (`transaction_id`, `customer_id`, `invoice_no`, `receipt_no`, `amount`, `description`, `payment_type`, `cheque_no`, `date`, `status`, `id`, `d_c`) VALUES ('DQJ9G1554Q', 'M77BNMINM8WLBUS', 'NA', NULL, '0', 'Previous adjustment with software', 'NA', 'NA', '2018-08-30', '1', '1', NULL);
INSERT INTO `customer_ledger` (`transaction_id`, `customer_id`, `invoice_no`, `receipt_no`, `amount`, `description`, `payment_type`, `cheque_no`, `date`, `status`, `id`, `d_c`) VALUES ('615YQ6YDTGW4JLT', 'M77BNMINM8WLBUS', '2917391921', NULL, '0', 'Cash Paid By Customer', '', '', '2018-08-30', '1', '2', NULL);
INSERT INTO `customer_ledger` (`transaction_id`, `customer_id`, `invoice_no`, `receipt_no`, `amount`, `description`, `payment_type`, `cheque_no`, `date`, `status`, `id`, `d_c`) VALUES ('JZVD8KA9IK9BLVR', 'M77BNMINM8WLBUS', NULL, '9825188849', '500', '', '1', '', '2018-08-30', '1', '3', NULL);
INSERT INTO `customer_ledger` (`transaction_id`, `customer_id`, `invoice_no`, `receipt_no`, `amount`, `description`, `payment_type`, `cheque_no`, `date`, `status`, `id`, `d_c`) VALUES ('B75GSWXUP4', 'FOAMI9S7EC4GWE1', 'NA', NULL, '0', 'Previous adjustment with software', 'NA', 'NA', '2018-08-30', '1', '4', NULL);
INSERT INTO `customer_ledger` (`transaction_id`, `customer_id`, `invoice_no`, `receipt_no`, `amount`, `description`, `payment_type`, `cheque_no`, `date`, `status`, `id`, `d_c`) VALUES ('3EFT2RA2FGUESRK', 'FOAMI9S7EC4GWE1', NULL, 'WI34QNKYLS', '1200', 'Medicine Cost', '1', '', '2018-08-30', '1', '9', NULL);
INSERT INTO `customer_ledger` (`transaction_id`, `customer_id`, `invoice_no`, `receipt_no`, `amount`, `description`, `payment_type`, `cheque_no`, `date`, `status`, `id`, `d_c`) VALUES ('3EFT2RA2FGUESRK', 'FOAMI9S7EC4GWE1', '2725916364', NULL, '2350', 'Medicine Cost', '1', '', '2018-08-30', '1', '8', NULL);
INSERT INTO `customer_ledger` (`transaction_id`, `customer_id`, `invoice_no`, `receipt_no`, `amount`, `description`, `payment_type`, `cheque_no`, `date`, `status`, `id`, `d_c`) VALUES ('G4D3P4LRN3', '442GD4V37BMN8TA', 'NA', NULL, '0', 'Previous adjustment with software', 'NA', 'NA', '2018-08-30', '1', '10', NULL);
INSERT INTO `customer_ledger` (`transaction_id`, `customer_id`, `invoice_no`, `receipt_no`, `amount`, `description`, `payment_type`, `cheque_no`, `date`, `status`, `id`, `d_c`) VALUES ('HDWT1SBRQRXFNSV', '442GD4V37BMN8TA', '4715649262', NULL, '4000', 'Cash Paid By Customer', '', '', '2018-08-30', '1', '11', 'c');
INSERT INTO `customer_ledger` (`transaction_id`, `customer_id`, `invoice_no`, `receipt_no`, `amount`, `description`, `payment_type`, `cheque_no`, `date`, `status`, `id`, `d_c`) VALUES ('HDWT1SBRQRXFNSV', '442GD4V37BMN8TA', NULL, '9A8LUUGMNM', '5000', 'Medicine Received By Customer', '1', '', '2018-08-30', '1', '12', 'd');
INSERT INTO `customer_ledger` (`transaction_id`, `customer_id`, `invoice_no`, `receipt_no`, `amount`, `description`, `payment_type`, `cheque_no`, `date`, `status`, `id`, `d_c`) VALUES ('HDWT1SBRQRXFNSV', '442GD4V37BMN8TA', '4715649262', NULL, '-450', 'Return', '', '', '2018-08-30', '1', '13', 'd');
INSERT INTO `customer_ledger` (`transaction_id`, `customer_id`, `invoice_no`, `receipt_no`, `amount`, `description`, `payment_type`, `cheque_no`, `date`, `status`, `id`, `d_c`) VALUES ('HDWT1SBRQRXFNSV', '442GD4V37BMN8TA', '4715649262', NULL, '-2500', 'Return', '', '', '2018-08-30', '1', '14', NULL);
INSERT INTO `customer_ledger` (`transaction_id`, `customer_id`, `invoice_no`, `receipt_no`, `amount`, `description`, `payment_type`, `cheque_no`, `date`, `status`, `id`, `d_c`) VALUES ('HDWT1SBRQRXFNSV', '442GD4V37BMN8TA', '4715649262', NULL, '-1500', 'Return', '', '', '2018-08-30', '1', '15', 'd');


#
# TABLE STRUCTURE FOR: customer_transection_summary
#

DROP TABLE IF EXISTS `customer_transection_summary`;

CREATE ALGORITHM=UNDEFINED DEFINER=`root`@`localhost` SQL SECURITY DEFINER VIEW `customer_transection_summary` AS select `customer_information`.`customer_name` AS `customer_name`,`customer_ledger`.`customer_id` AS `customer_id`,'credit' AS `type`,sum(-(`customer_ledger`.`amount`)) AS `amount` from (`customer_ledger` join `customer_information` on((`customer_information`.`customer_id` = `customer_ledger`.`customer_id`))) where (isnull(`customer_ledger`.`receipt_no`) and (`customer_ledger`.`status` = 1)) group by `customer_ledger`.`customer_id` union all select `customer_information`.`customer_name` AS `customer_name`,`customer_ledger`.`customer_id` AS `customer_id`,'debit' AS `type`,sum(`customer_ledger`.`amount`) AS `amount` from (`customer_ledger` join `customer_information` on((`customer_information`.`customer_id` = `customer_ledger`.`customer_id`))) where (isnull(`customer_ledger`.`invoice_no`) and (`customer_ledger`.`status` = 1)) group by `customer_ledger`.`customer_id`;

utf8mb4_unicode_ci;

INSERT INTO `customer_transection_summary` (`customer_name`, `customer_id`, `type`, `amount`) VALUES ('tanzil', '442GD4V37BMN8TA', 'credit', '450');
INSERT INTO `customer_transection_summary` (`customer_name`, `customer_id`, `type`, `amount`) VALUES ('Arafat', 'FOAMI9S7EC4GWE1', 'credit', '-2350');
INSERT INTO `customer_transection_summary` (`customer_name`, `customer_id`, `type`, `amount`) VALUES ('Hassan', 'M77BNMINM8WLBUS', 'credit', '-0');
INSERT INTO `customer_transection_summary` (`customer_name`, `customer_id`, `type`, `amount`) VALUES ('tanzil', '442GD4V37BMN8TA', 'debit', '5000');
INSERT INTO `customer_transection_summary` (`customer_name`, `customer_id`, `type`, `amount`) VALUES ('Arafat', 'FOAMI9S7EC4GWE1', 'debit', '1200');
INSERT INTO `customer_transection_summary` (`customer_name`, `customer_id`, `type`, `amount`) VALUES ('Hassan', 'M77BNMINM8WLBUS', 'debit', '500');


#
# TABLE STRUCTURE FOR: daily_banking_add
#

DROP TABLE IF EXISTS `daily_banking_add`;

CREATE TABLE `daily_banking_add` (
  `banking_id` varchar(255) NOT NULL,
  `date` varchar(50) NOT NULL,
  `bank_id` varchar(100) NOT NULL,
  `deposit_type` varchar(255) NOT NULL,
  `transaction_type` varchar(255) NOT NULL,
  `description` text NOT NULL,
  `amount` float NOT NULL,
  `status` int(2) NOT NULL
) ENGINE=InnoDB DEFAULT CHARSET=utf8;

#
# TABLE STRUCTURE FOR: daily_closing
#

DROP TABLE IF EXISTS `daily_closing`;

CREATE TABLE `daily_closing` (
  `closing_id` varchar(255) NOT NULL,
  `last_day_closing` float NOT NULL,
  `cash_in` float NOT NULL,
  `cash_out` float NOT NULL,
  `date` varchar(50) NOT NULL,
  `amount` float NOT NULL,
  `adjustment` float NOT NULL,
  `status` int(2) NOT NULL,
  PRIMARY KEY (`closing_id`)
) ENGINE=InnoDB DEFAULT CHARSET=utf8;

#
# TABLE STRUCTURE FOR: invoice
#

DROP TABLE IF EXISTS `invoice`;

CREATE TABLE `invoice` (
  `invoice_id` varchar(50) NOT NULL,
  `customer_id` varchar(100) NOT NULL,
  `date` varchar(50) DEFAULT NULL,
  `total_amount` float NOT NULL,
  `invoice` varchar(255) NOT NULL,
  `total_discount` float DEFAULT NULL COMMENT 'total invoice discount',
  `invoice_discount` float NOT NULL,
  `total_tax` float DEFAULT NULL,
  `invoice_details` varchar(200) DEFAULT NULL,
  `status` int(2) NOT NULL,
  PRIMARY KEY (`invoice_id`)
) ENGINE=MyISAM DEFAULT CHARSET=utf8;

INSERT INTO `invoice` (`invoice_id`, `customer_id`, `date`, `total_amount`, `invoice`, `total_discount`, `invoice_discount`, `total_tax`, `invoice_details`, `status`) VALUES ('2917391921', 'M77BNMINM8WLBUS', '2018-08-30', '700', '1000', '0', '0', '0', '', '1');
INSERT INTO `invoice` (`invoice_id`, `customer_id`, `date`, `total_amount`, `invoice`, `total_discount`, `invoice_discount`, `total_tax`, `invoice_details`, `status`) VALUES ('2725916364', 'FOAMI9S7EC4GWE1', '2018-08-30', '2350', '1001', '0', '0', '0', '', '1');
INSERT INTO `invoice` (`invoice_id`, `customer_id`, `date`, `total_amount`, `invoice`, `total_discount`, `invoice_discount`, `total_tax`, `invoice_details`, `status`) VALUES ('4715649262', '442GD4V37BMN8TA', '2018-08-30', '5000', '1002', '0', '0', '0', '', '1');


#
# TABLE STRUCTURE FOR: invoice_details
#

DROP TABLE IF EXISTS `invoice_details`;

CREATE TABLE `invoice_details` (
  `invoice_details_id` varchar(100) NOT NULL,
  `invoice_id` varchar(100) NOT NULL,
  `product_id` varchar(100) NOT NULL,
  `batch_id` varchar(30) NOT NULL,
  `cartoon` float DEFAULT NULL,
  `quantity` float NOT NULL,
  `rate` float NOT NULL,
  `manufacturer_rate` float DEFAULT NULL,
  `total_price` float NOT NULL,
  `discount` float DEFAULT NULL,
  `tax` float DEFAULT NULL,
  `paid_amount` float DEFAULT '0',
  `due_amount` float NOT NULL DEFAULT '0',
  `status` int(2) NOT NULL,
  PRIMARY KEY (`invoice_details_id`)
) ENGINE=MyISAM DEFAULT CHARSET=utf8;

INSERT INTO `invoice_details` (`invoice_details_id`, `invoice_id`, `product_id`, `batch_id`, `cartoon`, `quantity`, `rate`, `manufacturer_rate`, `total_price`, `discount`, `tax`, `paid_amount`, `due_amount`, `status`) VALUES ('153489778823156', '2917391921', '45448121', '111', NULL, '2', '200', '180', '400', '0', '0', '0', '700', '1');
INSERT INTO `invoice_details` (`invoice_details_id`, `invoice_id`, `product_id`, `batch_id`, `cartoon`, `quantity`, `rate`, `manufacturer_rate`, `total_price`, `discount`, `tax`, `paid_amount`, `due_amount`, `status`) VALUES ('929175227145934', '2917391921', '14462386', '120', NULL, '2', '150', '140', '300', '0', '0', '0', '700', '1');
INSERT INTO `invoice_details` (`invoice_details_id`, `invoice_id`, `product_id`, `batch_id`, `cartoon`, `quantity`, `rate`, `manufacturer_rate`, `total_price`, `discount`, `tax`, `paid_amount`, `due_amount`, `status`) VALUES ('492127469222385', '2725916364', '14462386', '120', NULL, '-1', '150', NULL, '-150', '0', '0', '1200', '1150', '0');
INSERT INTO `invoice_details` (`invoice_details_id`, `invoice_id`, `product_id`, `batch_id`, `cartoon`, `quantity`, `rate`, `manufacturer_rate`, `total_price`, `discount`, `tax`, `paid_amount`, `due_amount`, `status`) VALUES ('824121748582865', '2725916364', '45448121', '200', NULL, '5', '200', NULL, '1000', '0', '0', '1200', '1150', '0');
INSERT INTO `invoice_details` (`invoice_details_id`, `invoice_id`, `product_id`, `batch_id`, `cartoon`, `quantity`, `rate`, `manufacturer_rate`, `total_price`, `discount`, `tax`, `paid_amount`, `due_amount`, `status`) VALUES ('467253528531636', '2725916364', '14462386', '120', NULL, '10', '150', NULL, '1500', '0', '0', '1200', '1150', '0');
INSERT INTO `invoice_details` (`invoice_details_id`, `invoice_id`, `product_id`, `batch_id`, `cartoon`, `quantity`, `rate`, `manufacturer_rate`, `total_price`, `discount`, `tax`, `paid_amount`, `due_amount`, `status`) VALUES ('529321759352269', '4715649262', '72236475', '4433', NULL, '10', '500', '400', '5000', '0', '0', '4000', '1000', '1');
INSERT INTO `invoice_details` (`invoice_details_id`, `invoice_id`, `product_id`, `batch_id`, `cartoon`, `quantity`, `rate`, `manufacturer_rate`, `total_price`, `discount`, `tax`, `paid_amount`, `due_amount`, `status`) VALUES ('562214187916919', '4715649262', '72236475', '4433', NULL, '-1', '500', NULL, '-500', '-50', '0', '-450', '0', '1');
INSERT INTO `invoice_details` (`invoice_details_id`, `invoice_id`, `product_id`, `batch_id`, `cartoon`, `quantity`, `rate`, `manufacturer_rate`, `total_price`, `discount`, `tax`, `paid_amount`, `due_amount`, `status`) VALUES ('379484239395735', '4715649262', '72236475', '4433', NULL, '-5', '500', NULL, '-2500', '0', '0', '-2500', '0', '1');
INSERT INTO `invoice_details` (`invoice_details_id`, `invoice_id`, `product_id`, `batch_id`, `cartoon`, `quantity`, `rate`, `manufacturer_rate`, `total_price`, `discount`, `tax`, `paid_amount`, `due_amount`, `status`) VALUES ('942566834376212', '4715649262', '72236475', '4433', NULL, '-3', '500', NULL, '-1500', '0', '0', '-1500', '0', '1');


#
# TABLE STRUCTURE FOR: language
#

DROP TABLE IF EXISTS `language`;

CREATE TABLE `language` (
  `id` int(11) unsigned NOT NULL AUTO_INCREMENT,
  `phrase` text NOT NULL,
  `english` text,
  `bangla` text,
  PRIMARY KEY (`id`)
) ENGINE=InnoDB AUTO_INCREMENT=692 DEFAULT CHARSET=utf8;

INSERT INTO `language` (`id`, `phrase`, `english`, `bangla`) VALUES ('1', 'user_profile', 'User Profile', NULL);
INSERT INTO `language` (`id`, `phrase`, `english`, `bangla`) VALUES ('2', 'setting', 'Setting', NULL);
INSERT INTO `language` (`id`, `phrase`, `english`, `bangla`) VALUES ('3', 'language', 'Language', NULL);
INSERT INTO `language` (`id`, `phrase`, `english`, `bangla`) VALUES ('4', 'manage_users', 'Manage Users', NULL);
INSERT INTO `language` (`id`, `phrase`, `english`, `bangla`) VALUES ('5', 'add_user', 'Add User', NULL);
INSERT INTO `language` (`id`, `phrase`, `english`, `bangla`) VALUES ('6', 'manage_company', 'Manage Company', NULL);
INSERT INTO `language` (`id`, `phrase`, `english`, `bangla`) VALUES ('7', 'web_settings', 'Software Settings', NULL);
INSERT INTO `language` (`id`, `phrase`, `english`, `bangla`) VALUES ('8', 'manage_accounts', 'Manage Accounts', NULL);
INSERT INTO `language` (`id`, `phrase`, `english`, `bangla`) VALUES ('9', 'create_accounts', 'Create Accounts', NULL);
INSERT INTO `language` (`id`, `phrase`, `english`, `bangla`) VALUES ('10', 'manage_bank', 'Manage Bank', NULL);
INSERT INTO `language` (`id`, `phrase`, `english`, `bangla`) VALUES ('11', 'add_new_bank', 'Add New Bank', NULL);
INSERT INTO `language` (`id`, `phrase`, `english`, `bangla`) VALUES ('12', 'settings', 'Bank', NULL);
INSERT INTO `language` (`id`, `phrase`, `english`, `bangla`) VALUES ('13', 'closing_report', 'Closing Report', NULL);
INSERT INTO `language` (`id`, `phrase`, `english`, `bangla`) VALUES ('14', 'closing', 'Closing', NULL);
INSERT INTO `language` (`id`, `phrase`, `english`, `bangla`) VALUES ('15', 'cheque_manager', 'Cheque Manager', NULL);
INSERT INTO `language` (`id`, `phrase`, `english`, `bangla`) VALUES ('16', 'accounts_summary', 'Accounts Summary', NULL);
INSERT INTO `language` (`id`, `phrase`, `english`, `bangla`) VALUES ('17', 'expense', 'Expense', NULL);
INSERT INTO `language` (`id`, `phrase`, `english`, `bangla`) VALUES ('18', 'income', 'Income', NULL);
INSERT INTO `language` (`id`, `phrase`, `english`, `bangla`) VALUES ('19', 'accounts', 'Accounts', NULL);
INSERT INTO `language` (`id`, `phrase`, `english`, `bangla`) VALUES ('20', 'stock_report', 'Stock Report', NULL);
INSERT INTO `language` (`id`, `phrase`, `english`, `bangla`) VALUES ('21', 'stock', 'Stock', NULL);
INSERT INTO `language` (`id`, `phrase`, `english`, `bangla`) VALUES ('22', 'pos_invoice', 'POS Invoice', NULL);
INSERT INTO `language` (`id`, `phrase`, `english`, `bangla`) VALUES ('23', 'manage_invoice', 'Manage Invoice ', NULL);
INSERT INTO `language` (`id`, `phrase`, `english`, `bangla`) VALUES ('24', 'new_invoice', 'New Invoice', NULL);
INSERT INTO `language` (`id`, `phrase`, `english`, `bangla`) VALUES ('25', 'invoice', 'Invoice', NULL);
INSERT INTO `language` (`id`, `phrase`, `english`, `bangla`) VALUES ('26', 'manage_purchase', 'Manage Purchase', NULL);
INSERT INTO `language` (`id`, `phrase`, `english`, `bangla`) VALUES ('27', 'add_purchase', 'Add Purchase', NULL);
INSERT INTO `language` (`id`, `phrase`, `english`, `bangla`) VALUES ('28', 'purchase', 'Purchase', NULL);
INSERT INTO `language` (`id`, `phrase`, `english`, `bangla`) VALUES ('29', 'paid_customer', 'Paid Customer', NULL);
INSERT INTO `language` (`id`, `phrase`, `english`, `bangla`) VALUES ('30', 'manage_customer', 'Manage Customer', NULL);
INSERT INTO `language` (`id`, `phrase`, `english`, `bangla`) VALUES ('31', 'add_customer', 'Add Customer', NULL);
INSERT INTO `language` (`id`, `phrase`, `english`, `bangla`) VALUES ('32', 'customer', 'Customer', NULL);
INSERT INTO `language` (`id`, `phrase`, `english`, `bangla`) VALUES ('33', 'manufacturer_payment_actual', 'Manufacturer Payment Actual', NULL);
INSERT INTO `language` (`id`, `phrase`, `english`, `bangla`) VALUES ('34', 'manufacturer_sales_summary', 'Manufacturer  Sales Summary', NULL);
INSERT INTO `language` (`id`, `phrase`, `english`, `bangla`) VALUES ('35', 'manufacturer_sales_details', 'Manufacturer Sales Details', NULL);
INSERT INTO `language` (`id`, `phrase`, `english`, `bangla`) VALUES ('36', 'manufacturer_ledger', 'Manufacturer Ledger', NULL);
INSERT INTO `language` (`id`, `phrase`, `english`, `bangla`) VALUES ('37', 'manage_manufacturer', 'Manage Manufacturer', NULL);
INSERT INTO `language` (`id`, `phrase`, `english`, `bangla`) VALUES ('38', 'add_manufacturer', 'Add Manufacturer', NULL);
INSERT INTO `language` (`id`, `phrase`, `english`, `bangla`) VALUES ('39', 'manufacturer', 'Manufacturer', NULL);
INSERT INTO `language` (`id`, `phrase`, `english`, `bangla`) VALUES ('40', 'product_statement', 'Medicine Statement', NULL);
INSERT INTO `language` (`id`, `phrase`, `english`, `bangla`) VALUES ('41', 'manage_product', 'Manage Medicine', NULL);
INSERT INTO `language` (`id`, `phrase`, `english`, `bangla`) VALUES ('42', 'add_product', 'Add Medicine', NULL);
INSERT INTO `language` (`id`, `phrase`, `english`, `bangla`) VALUES ('43', 'product', 'Medicine', NULL);
INSERT INTO `language` (`id`, `phrase`, `english`, `bangla`) VALUES ('44', 'manage_category', 'Manage Category', NULL);
INSERT INTO `language` (`id`, `phrase`, `english`, `bangla`) VALUES ('45', 'add_category', 'Add Category', NULL);
INSERT INTO `language` (`id`, `phrase`, `english`, `bangla`) VALUES ('46', 'category', 'Medicine Category', NULL);
INSERT INTO `language` (`id`, `phrase`, `english`, `bangla`) VALUES ('47', 'sales_report_product_wise', 'Sales Report (Medicine Wise)', NULL);
INSERT INTO `language` (`id`, `phrase`, `english`, `bangla`) VALUES ('48', 'purchase_report', 'Purchase Report', NULL);
INSERT INTO `language` (`id`, `phrase`, `english`, `bangla`) VALUES ('49', 'sales_report', 'Sales Report', NULL);
INSERT INTO `language` (`id`, `phrase`, `english`, `bangla`) VALUES ('50', 'todays_report', 'Todays Report', NULL);
INSERT INTO `language` (`id`, `phrase`, `english`, `bangla`) VALUES ('51', 'report', 'Report', NULL);
INSERT INTO `language` (`id`, `phrase`, `english`, `bangla`) VALUES ('52', 'dashboard', 'Dashboard', NULL);
INSERT INTO `language` (`id`, `phrase`, `english`, `bangla`) VALUES ('53', 'online', 'Online', NULL);
INSERT INTO `language` (`id`, `phrase`, `english`, `bangla`) VALUES ('54', 'logout', 'Logout', NULL);
INSERT INTO `language` (`id`, `phrase`, `english`, `bangla`) VALUES ('56', 'total_purchase', 'Total Purchase', NULL);
INSERT INTO `language` (`id`, `phrase`, `english`, `bangla`) VALUES ('57', 'total_amount', 'Total Amount', NULL);
INSERT INTO `language` (`id`, `phrase`, `english`, `bangla`) VALUES ('58', 'manufacturer_name', 'Manufacturer  Name', NULL);
INSERT INTO `language` (`id`, `phrase`, `english`, `bangla`) VALUES ('59', 'invoice_no', 'Invoice No', NULL);
INSERT INTO `language` (`id`, `phrase`, `english`, `bangla`) VALUES ('60', 'purchase_date', 'Purchase Date', NULL);
INSERT INTO `language` (`id`, `phrase`, `english`, `bangla`) VALUES ('61', 'todays_purchase_report', 'Todays Purchase Report', NULL);
INSERT INTO `language` (`id`, `phrase`, `english`, `bangla`) VALUES ('62', 'total_sales', 'Total Sales', NULL);
INSERT INTO `language` (`id`, `phrase`, `english`, `bangla`) VALUES ('63', 'customer_name', 'Customer Name', NULL);
INSERT INTO `language` (`id`, `phrase`, `english`, `bangla`) VALUES ('64', 'sales_date', 'Sales Date', NULL);
INSERT INTO `language` (`id`, `phrase`, `english`, `bangla`) VALUES ('65', 'todays_sales_report', 'Todays Sales Report', NULL);
INSERT INTO `language` (`id`, `phrase`, `english`, `bangla`) VALUES ('66', 'home', 'Home', NULL);
INSERT INTO `language` (`id`, `phrase`, `english`, `bangla`) VALUES ('67', 'todays_sales_and_purchase_report', 'Todays sales and purchase report', NULL);
INSERT INTO `language` (`id`, `phrase`, `english`, `bangla`) VALUES ('68', 'total_ammount', 'Total Amount', NULL);
INSERT INTO `language` (`id`, `phrase`, `english`, `bangla`) VALUES ('69', 'rate', 'Sale Price', NULL);
INSERT INTO `language` (`id`, `phrase`, `english`, `bangla`) VALUES ('70', 'product_model', 'Medicine Type', NULL);
INSERT INTO `language` (`id`, `phrase`, `english`, `bangla`) VALUES ('71', 'product_name', 'Medicine Name', NULL);
INSERT INTO `language` (`id`, `phrase`, `english`, `bangla`) VALUES ('72', 'search', 'Search', NULL);
INSERT INTO `language` (`id`, `phrase`, `english`, `bangla`) VALUES ('73', 'end_date', 'End Date', NULL);
INSERT INTO `language` (`id`, `phrase`, `english`, `bangla`) VALUES ('74', 'start_date', 'Start Date', NULL);
INSERT INTO `language` (`id`, `phrase`, `english`, `bangla`) VALUES ('75', 'total_purchase_report', 'Total Purchase Report', NULL);
INSERT INTO `language` (`id`, `phrase`, `english`, `bangla`) VALUES ('76', 'total_sales_report', 'Total Sales Report', NULL);
INSERT INTO `language` (`id`, `phrase`, `english`, `bangla`) VALUES ('77', 'total_seles', 'Total Sales', NULL);
INSERT INTO `language` (`id`, `phrase`, `english`, `bangla`) VALUES ('78', 'all_stock_report', 'All Stock Report', NULL);
INSERT INTO `language` (`id`, `phrase`, `english`, `bangla`) VALUES ('79', 'search_by_product', 'Search By Medicine', NULL);
INSERT INTO `language` (`id`, `phrase`, `english`, `bangla`) VALUES ('80', 'date', 'Date', NULL);
INSERT INTO `language` (`id`, `phrase`, `english`, `bangla`) VALUES ('81', 'print', 'Print', NULL);
INSERT INTO `language` (`id`, `phrase`, `english`, `bangla`) VALUES ('82', 'stock_date', 'Stock Date', NULL);
INSERT INTO `language` (`id`, `phrase`, `english`, `bangla`) VALUES ('83', 'print_date', 'Print Date', NULL);
INSERT INTO `language` (`id`, `phrase`, `english`, `bangla`) VALUES ('84', 'sales', 'Sales', NULL);
INSERT INTO `language` (`id`, `phrase`, `english`, `bangla`) VALUES ('85', 'price', 'Price', NULL);
INSERT INTO `language` (`id`, `phrase`, `english`, `bangla`) VALUES ('86', 'sl', 'SL.', NULL);
INSERT INTO `language` (`id`, `phrase`, `english`, `bangla`) VALUES ('87', 'add_new_category', 'Add new category', NULL);
INSERT INTO `language` (`id`, `phrase`, `english`, `bangla`) VALUES ('88', 'category_name', 'Category Name', NULL);
INSERT INTO `language` (`id`, `phrase`, `english`, `bangla`) VALUES ('89', 'save', 'Save', NULL);
INSERT INTO `language` (`id`, `phrase`, `english`, `bangla`) VALUES ('90', 'delete', 'Delete', NULL);
INSERT INTO `language` (`id`, `phrase`, `english`, `bangla`) VALUES ('91', 'update', 'Update', NULL);
INSERT INTO `language` (`id`, `phrase`, `english`, `bangla`) VALUES ('92', 'action', 'Action', NULL);
INSERT INTO `language` (`id`, `phrase`, `english`, `bangla`) VALUES ('93', 'manage_your_category', 'Manage your category ', NULL);
INSERT INTO `language` (`id`, `phrase`, `english`, `bangla`) VALUES ('94', 'category_edit', 'Category Edit', NULL);
INSERT INTO `language` (`id`, `phrase`, `english`, `bangla`) VALUES ('95', 'status', 'Status', NULL);
INSERT INTO `language` (`id`, `phrase`, `english`, `bangla`) VALUES ('96', 'active', 'Active', NULL);
INSERT INTO `language` (`id`, `phrase`, `english`, `bangla`) VALUES ('97', 'inactive', 'Inactive', NULL);
INSERT INTO `language` (`id`, `phrase`, `english`, `bangla`) VALUES ('98', 'save_changes', 'Save Changes', NULL);
INSERT INTO `language` (`id`, `phrase`, `english`, `bangla`) VALUES ('99', 'save_and_add_another', 'Save And Add Another', NULL);
INSERT INTO `language` (`id`, `phrase`, `english`, `bangla`) VALUES ('100', 'model', 'Medicine Type', NULL);
INSERT INTO `language` (`id`, `phrase`, `english`, `bangla`) VALUES ('101', 'manufacturer_price', 'Manufacturer Price', NULL);
INSERT INTO `language` (`id`, `phrase`, `english`, `bangla`) VALUES ('102', 'sell_price', 'Sell Price', NULL);
INSERT INTO `language` (`id`, `phrase`, `english`, `bangla`) VALUES ('103', 'image', 'Image', NULL);
INSERT INTO `language` (`id`, `phrase`, `english`, `bangla`) VALUES ('104', 'select_one', 'Select One', NULL);
INSERT INTO `language` (`id`, `phrase`, `english`, `bangla`) VALUES ('105', 'details', 'Details', NULL);
INSERT INTO `language` (`id`, `phrase`, `english`, `bangla`) VALUES ('106', 'new_product', 'New Medicine', NULL);
INSERT INTO `language` (`id`, `phrase`, `english`, `bangla`) VALUES ('107', 'add_new_product', 'Add new medicine', NULL);
INSERT INTO `language` (`id`, `phrase`, `english`, `bangla`) VALUES ('108', 'barcode', 'Barcode', NULL);
INSERT INTO `language` (`id`, `phrase`, `english`, `bangla`) VALUES ('109', 'qr_code', 'Qr-Code', NULL);
INSERT INTO `language` (`id`, `phrase`, `english`, `bangla`) VALUES ('110', 'product_details', 'Medicine Details', NULL);
INSERT INTO `language` (`id`, `phrase`, `english`, `bangla`) VALUES ('111', 'manage_your_product', 'Manage your medicine', NULL);
INSERT INTO `language` (`id`, `phrase`, `english`, `bangla`) VALUES ('112', 'product_edit', 'Medicine Edit', NULL);
INSERT INTO `language` (`id`, `phrase`, `english`, `bangla`) VALUES ('113', 'edit_your_product', 'Edit your medicine', NULL);
INSERT INTO `language` (`id`, `phrase`, `english`, `bangla`) VALUES ('114', 'cancel', 'Cancel', NULL);
INSERT INTO `language` (`id`, `phrase`, `english`, `bangla`) VALUES ('115', 'incl_vat', 'Incl. Vat', NULL);
INSERT INTO `language` (`id`, `phrase`, `english`, `bangla`) VALUES ('116', 'money', 'Dollar', NULL);
INSERT INTO `language` (`id`, `phrase`, `english`, `bangla`) VALUES ('117', 'grand_total', 'Grand Total', NULL);
INSERT INTO `language` (`id`, `phrase`, `english`, `bangla`) VALUES ('118', 'quantity', 'Quantity', NULL);
INSERT INTO `language` (`id`, `phrase`, `english`, `bangla`) VALUES ('119', 'product_report', 'Medicine Report', NULL);
INSERT INTO `language` (`id`, `phrase`, `english`, `bangla`) VALUES ('120', 'product_sales_and_purchase_report', 'Medicine sales and purchase report', NULL);
INSERT INTO `language` (`id`, `phrase`, `english`, `bangla`) VALUES ('121', 'previous_stock', 'Previous Stock', NULL);
INSERT INTO `language` (`id`, `phrase`, `english`, `bangla`) VALUES ('122', 'out', 'Out', NULL);
INSERT INTO `language` (`id`, `phrase`, `english`, `bangla`) VALUES ('123', 'in', 'In', NULL);
INSERT INTO `language` (`id`, `phrase`, `english`, `bangla`) VALUES ('124', 'to', 'To', NULL);
INSERT INTO `language` (`id`, `phrase`, `english`, `bangla`) VALUES ('125', 'previous_balance', 'Previous Balance', NULL);
INSERT INTO `language` (`id`, `phrase`, `english`, `bangla`) VALUES ('126', 'customer_address', 'Customer Address', NULL);
INSERT INTO `language` (`id`, `phrase`, `english`, `bangla`) VALUES ('127', 'customer_mobile', 'Customer Mobile', NULL);
INSERT INTO `language` (`id`, `phrase`, `english`, `bangla`) VALUES ('128', 'customer_email', 'Customer Email', NULL);
INSERT INTO `language` (`id`, `phrase`, `english`, `bangla`) VALUES ('129', 'add_new_customer', 'Add new customer', NULL);
INSERT INTO `language` (`id`, `phrase`, `english`, `bangla`) VALUES ('130', 'balance', 'Balance', NULL);
INSERT INTO `language` (`id`, `phrase`, `english`, `bangla`) VALUES ('131', 'mobile', 'Mobile', NULL);
INSERT INTO `language` (`id`, `phrase`, `english`, `bangla`) VALUES ('132', 'address', 'Address', NULL);
INSERT INTO `language` (`id`, `phrase`, `english`, `bangla`) VALUES ('133', 'manage_your_customer', 'Manage your customer', NULL);
INSERT INTO `language` (`id`, `phrase`, `english`, `bangla`) VALUES ('134', 'customer_edit', 'Customer Edit', NULL);
INSERT INTO `language` (`id`, `phrase`, `english`, `bangla`) VALUES ('135', 'paid_customer_list', 'Paid Customer List', NULL);
INSERT INTO `language` (`id`, `phrase`, `english`, `bangla`) VALUES ('136', 'ammount', 'Amount', NULL);
INSERT INTO `language` (`id`, `phrase`, `english`, `bangla`) VALUES ('137', 'customer_ledger', 'Customer Ledger', NULL);
INSERT INTO `language` (`id`, `phrase`, `english`, `bangla`) VALUES ('138', 'manage_customer_ledger', 'Manage Customer Ledger', NULL);
INSERT INTO `language` (`id`, `phrase`, `english`, `bangla`) VALUES ('139', 'customer_information', 'Customer Information', NULL);
INSERT INTO `language` (`id`, `phrase`, `english`, `bangla`) VALUES ('140', 'debit_ammount', 'Debit Amount', NULL);
INSERT INTO `language` (`id`, `phrase`, `english`, `bangla`) VALUES ('141', 'credit_ammount', 'Credit Amount', NULL);
INSERT INTO `language` (`id`, `phrase`, `english`, `bangla`) VALUES ('142', 'balance_ammount', 'Balance Amount', NULL);
INSERT INTO `language` (`id`, `phrase`, `english`, `bangla`) VALUES ('143', 'receipt_no', 'Receipt NO', NULL);
INSERT INTO `language` (`id`, `phrase`, `english`, `bangla`) VALUES ('144', 'description', 'Description', NULL);
INSERT INTO `language` (`id`, `phrase`, `english`, `bangla`) VALUES ('145', 'debit', 'Debit', NULL);
INSERT INTO `language` (`id`, `phrase`, `english`, `bangla`) VALUES ('146', 'credit', 'Credit', NULL);
INSERT INTO `language` (`id`, `phrase`, `english`, `bangla`) VALUES ('147', 'item_information', 'Item Information', NULL);
INSERT INTO `language` (`id`, `phrase`, `english`, `bangla`) VALUES ('148', 'total', 'Total', NULL);
INSERT INTO `language` (`id`, `phrase`, `english`, `bangla`) VALUES ('149', 'please_select_manufacturer', 'Please Select Manufacturer', NULL);
INSERT INTO `language` (`id`, `phrase`, `english`, `bangla`) VALUES ('150', 'submit', 'Submit', NULL);
INSERT INTO `language` (`id`, `phrase`, `english`, `bangla`) VALUES ('151', 'submit_and_add_another', 'Submit And Add Another One', NULL);
INSERT INTO `language` (`id`, `phrase`, `english`, `bangla`) VALUES ('152', 'add_new_item', 'Add New Item', NULL);
INSERT INTO `language` (`id`, `phrase`, `english`, `bangla`) VALUES ('153', 'manage_your_purchase', 'Manage your purchase', NULL);
INSERT INTO `language` (`id`, `phrase`, `english`, `bangla`) VALUES ('154', 'purchase_edit', 'Purchase Edit', NULL);
INSERT INTO `language` (`id`, `phrase`, `english`, `bangla`) VALUES ('155', 'purchase_ledger', 'Purchase Ledger', NULL);
INSERT INTO `language` (`id`, `phrase`, `english`, `bangla`) VALUES ('156', 'invoice_information', 'Invoice Information', NULL);
INSERT INTO `language` (`id`, `phrase`, `english`, `bangla`) VALUES ('157', 'paid_ammount', 'Paid Amount', NULL);
INSERT INTO `language` (`id`, `phrase`, `english`, `bangla`) VALUES ('158', 'discount', 'Discount / Pcs.', NULL);
INSERT INTO `language` (`id`, `phrase`, `english`, `bangla`) VALUES ('159', 'save_and_paid', 'Save And Paid', NULL);
INSERT INTO `language` (`id`, `phrase`, `english`, `bangla`) VALUES ('160', 'payee_name', 'Payee Name', NULL);
INSERT INTO `language` (`id`, `phrase`, `english`, `bangla`) VALUES ('161', 'manage_your_invoice', 'Manage your invoice', NULL);
INSERT INTO `language` (`id`, `phrase`, `english`, `bangla`) VALUES ('162', 'invoice_edit', 'Invoice Edit', NULL);
INSERT INTO `language` (`id`, `phrase`, `english`, `bangla`) VALUES ('163', 'new_pos_invoice', 'New POS invoice', NULL);
INSERT INTO `language` (`id`, `phrase`, `english`, `bangla`) VALUES ('164', 'add_new_pos_invoice', 'Add new pos invoice', NULL);
INSERT INTO `language` (`id`, `phrase`, `english`, `bangla`) VALUES ('165', 'product_id', 'Medicine ID', NULL);
INSERT INTO `language` (`id`, `phrase`, `english`, `bangla`) VALUES ('166', 'paid_amount', 'Paid Amount', NULL);
INSERT INTO `language` (`id`, `phrase`, `english`, `bangla`) VALUES ('167', 'authorised_by', 'Authorised By', NULL);
INSERT INTO `language` (`id`, `phrase`, `english`, `bangla`) VALUES ('168', 'checked_by', 'Checked By', NULL);
INSERT INTO `language` (`id`, `phrase`, `english`, `bangla`) VALUES ('169', 'received_by', 'Received By', NULL);
INSERT INTO `language` (`id`, `phrase`, `english`, `bangla`) VALUES ('170', 'prepared_by', 'Prepared By', NULL);
INSERT INTO `language` (`id`, `phrase`, `english`, `bangla`) VALUES ('171', 'memo_no', 'Memo No', NULL);
INSERT INTO `language` (`id`, `phrase`, `english`, `bangla`) VALUES ('172', 'website', 'Website', NULL);
INSERT INTO `language` (`id`, `phrase`, `english`, `bangla`) VALUES ('173', 'email', 'Email', NULL);
INSERT INTO `language` (`id`, `phrase`, `english`, `bangla`) VALUES ('174', 'invoice_details', 'Invoice Details', NULL);
INSERT INTO `language` (`id`, `phrase`, `english`, `bangla`) VALUES ('175', 'reset', 'Reset', NULL);
INSERT INTO `language` (`id`, `phrase`, `english`, `bangla`) VALUES ('176', 'payment_account', 'Payment Account', NULL);
INSERT INTO `language` (`id`, `phrase`, `english`, `bangla`) VALUES ('177', 'bank_name', 'Bank Name', NULL);
INSERT INTO `language` (`id`, `phrase`, `english`, `bangla`) VALUES ('178', 'cheque_or_pay_order_no', 'Cheque/Pay Order No', NULL);
INSERT INTO `language` (`id`, `phrase`, `english`, `bangla`) VALUES ('179', 'payment_type', 'Payment Type', NULL);
INSERT INTO `language` (`id`, `phrase`, `english`, `bangla`) VALUES ('180', 'payment_from', 'Payment From', NULL);
INSERT INTO `language` (`id`, `phrase`, `english`, `bangla`) VALUES ('181', 'payment_date', 'Payment Date', NULL);
INSERT INTO `language` (`id`, `phrase`, `english`, `bangla`) VALUES ('182', 'add_income', 'Add Income', NULL);
INSERT INTO `language` (`id`, `phrase`, `english`, `bangla`) VALUES ('183', 'cash', 'Cash', NULL);
INSERT INTO `language` (`id`, `phrase`, `english`, `bangla`) VALUES ('184', 'cheque', 'Cheque', NULL);
INSERT INTO `language` (`id`, `phrase`, `english`, `bangla`) VALUES ('185', 'pay_order', 'Pay Order', NULL);
INSERT INTO `language` (`id`, `phrase`, `english`, `bangla`) VALUES ('186', 'payment_to', 'Payment To', NULL);
INSERT INTO `language` (`id`, `phrase`, `english`, `bangla`) VALUES ('187', 'total_expense_ammount', 'Total Expense Amount', NULL);
INSERT INTO `language` (`id`, `phrase`, `english`, `bangla`) VALUES ('188', 'transections', 'Transactions', NULL);
INSERT INTO `language` (`id`, `phrase`, `english`, `bangla`) VALUES ('189', 'accounts_name', 'Accounts Name', NULL);
INSERT INTO `language` (`id`, `phrase`, `english`, `bangla`) VALUES ('190', 'outflow_report', 'Expense Report', NULL);
INSERT INTO `language` (`id`, `phrase`, `english`, `bangla`) VALUES ('191', 'inflow_report', 'Income Report', NULL);
INSERT INTO `language` (`id`, `phrase`, `english`, `bangla`) VALUES ('192', 'all', 'All', NULL);
INSERT INTO `language` (`id`, `phrase`, `english`, `bangla`) VALUES ('193', 'account', 'Account', NULL);
INSERT INTO `language` (`id`, `phrase`, `english`, `bangla`) VALUES ('194', 'from', 'From', NULL);
INSERT INTO `language` (`id`, `phrase`, `english`, `bangla`) VALUES ('195', 'account_summary_report', 'Account Summary Report', NULL);
INSERT INTO `language` (`id`, `phrase`, `english`, `bangla`) VALUES ('196', 'search_by_date', 'Search By Date', NULL);
INSERT INTO `language` (`id`, `phrase`, `english`, `bangla`) VALUES ('197', 'cheque_no', 'Cheque No', NULL);
INSERT INTO `language` (`id`, `phrase`, `english`, `bangla`) VALUES ('198', 'name', 'Name', NULL);
INSERT INTO `language` (`id`, `phrase`, `english`, `bangla`) VALUES ('199', 'closing_account', 'Closing Account', NULL);
INSERT INTO `language` (`id`, `phrase`, `english`, `bangla`) VALUES ('200', 'close_your_account', 'Close your account', NULL);
INSERT INTO `language` (`id`, `phrase`, `english`, `bangla`) VALUES ('201', 'last_day_closing', 'Last Day Closing', NULL);
INSERT INTO `language` (`id`, `phrase`, `english`, `bangla`) VALUES ('202', 'cash_in', 'Cash In', NULL);
INSERT INTO `language` (`id`, `phrase`, `english`, `bangla`) VALUES ('203', 'cash_out', 'Cash Out', NULL);
INSERT INTO `language` (`id`, `phrase`, `english`, `bangla`) VALUES ('204', 'cash_in_hand', 'Cash In Hand', NULL);
INSERT INTO `language` (`id`, `phrase`, `english`, `bangla`) VALUES ('205', 'add_new_bank', 'Add New Bank', NULL);
INSERT INTO `language` (`id`, `phrase`, `english`, `bangla`) VALUES ('206', 'day_closing', 'Day Closing', NULL);
INSERT INTO `language` (`id`, `phrase`, `english`, `bangla`) VALUES ('207', 'account_closing_report', 'Account Closing Report', NULL);
INSERT INTO `language` (`id`, `phrase`, `english`, `bangla`) VALUES ('208', 'last_day_ammount', 'Last Day Amount', NULL);
INSERT INTO `language` (`id`, `phrase`, `english`, `bangla`) VALUES ('209', 'adjustment', 'Adjustment', NULL);
INSERT INTO `language` (`id`, `phrase`, `english`, `bangla`) VALUES ('210', 'pay_type', 'Pay Type', NULL);
INSERT INTO `language` (`id`, `phrase`, `english`, `bangla`) VALUES ('211', 'customer_or_manufacturer', 'Customer,Manufacturer Or Others', NULL);
INSERT INTO `language` (`id`, `phrase`, `english`, `bangla`) VALUES ('212', 'transection_id', 'Transactions ID', NULL);
INSERT INTO `language` (`id`, `phrase`, `english`, `bangla`) VALUES ('213', 'accounts_summary_report', 'Accounts Summary Report', NULL);
INSERT INTO `language` (`id`, `phrase`, `english`, `bangla`) VALUES ('214', 'bank_list', 'Bank List', NULL);
INSERT INTO `language` (`id`, `phrase`, `english`, `bangla`) VALUES ('215', 'bank_edit', 'Bank Edit', NULL);
INSERT INTO `language` (`id`, `phrase`, `english`, `bangla`) VALUES ('216', 'debit_plus', 'Debit (+)', NULL);
INSERT INTO `language` (`id`, `phrase`, `english`, `bangla`) VALUES ('217', 'credit_minus', 'Credit (-)', NULL);
INSERT INTO `language` (`id`, `phrase`, `english`, `bangla`) VALUES ('218', 'account_name', 'Account Name', NULL);
INSERT INTO `language` (`id`, `phrase`, `english`, `bangla`) VALUES ('219', 'account_type', 'Account Type', NULL);
INSERT INTO `language` (`id`, `phrase`, `english`, `bangla`) VALUES ('220', 'account_real_name', 'Account Real Name', NULL);
INSERT INTO `language` (`id`, `phrase`, `english`, `bangla`) VALUES ('221', 'manage_account', 'Manage Account', NULL);
INSERT INTO `language` (`id`, `phrase`, `english`, `bangla`) VALUES ('222', 'company_name', 'Company Name', NULL);
INSERT INTO `language` (`id`, `phrase`, `english`, `bangla`) VALUES ('223', 'edit_your_company_information', 'Edit your company information', NULL);
INSERT INTO `language` (`id`, `phrase`, `english`, `bangla`) VALUES ('224', 'company_edit', 'Company Edit', NULL);
INSERT INTO `language` (`id`, `phrase`, `english`, `bangla`) VALUES ('225', 'admin', 'Admin', NULL);
INSERT INTO `language` (`id`, `phrase`, `english`, `bangla`) VALUES ('226', 'user', 'User', NULL);
INSERT INTO `language` (`id`, `phrase`, `english`, `bangla`) VALUES ('227', 'password', 'Password', NULL);
INSERT INTO `language` (`id`, `phrase`, `english`, `bangla`) VALUES ('228', 'last_name', 'Last Name', NULL);
INSERT INTO `language` (`id`, `phrase`, `english`, `bangla`) VALUES ('229', 'first_name', 'First Name', NULL);
INSERT INTO `language` (`id`, `phrase`, `english`, `bangla`) VALUES ('230', 'add_new_user_information', 'Add new user information', NULL);
INSERT INTO `language` (`id`, `phrase`, `english`, `bangla`) VALUES ('231', 'user_type', 'User Type', NULL);
INSERT INTO `language` (`id`, `phrase`, `english`, `bangla`) VALUES ('232', 'user_edit', 'User Edit', NULL);
INSERT INTO `language` (`id`, `phrase`, `english`, `bangla`) VALUES ('233', 'rtr', 'RTR', NULL);
INSERT INTO `language` (`id`, `phrase`, `english`, `bangla`) VALUES ('234', 'ltr', 'LTR', NULL);
INSERT INTO `language` (`id`, `phrase`, `english`, `bangla`) VALUES ('235', 'ltr_or_rtr', 'LTR/RTR', NULL);
INSERT INTO `language` (`id`, `phrase`, `english`, `bangla`) VALUES ('236', 'footer_text', 'Footer Text', NULL);
INSERT INTO `language` (`id`, `phrase`, `english`, `bangla`) VALUES ('237', 'favicon', 'Favicon', NULL);
INSERT INTO `language` (`id`, `phrase`, `english`, `bangla`) VALUES ('238', 'logo', 'Logo', NULL);
INSERT INTO `language` (`id`, `phrase`, `english`, `bangla`) VALUES ('239', 'update_setting', 'Update Setting', NULL);
INSERT INTO `language` (`id`, `phrase`, `english`, `bangla`) VALUES ('240', 'update_your_web_setting', 'Update your web setting', NULL);
INSERT INTO `language` (`id`, `phrase`, `english`, `bangla`) VALUES ('241', 'login', 'Login', NULL);
INSERT INTO `language` (`id`, `phrase`, `english`, `bangla`) VALUES ('242', 'your_strong_password', 'Your strong password', NULL);
INSERT INTO `language` (`id`, `phrase`, `english`, `bangla`) VALUES ('243', 'your_unique_email', 'Your unique email', NULL);
INSERT INTO `language` (`id`, `phrase`, `english`, `bangla`) VALUES ('244', 'please_enter_your_login_information', 'Please enter your login information.', NULL);
INSERT INTO `language` (`id`, `phrase`, `english`, `bangla`) VALUES ('245', 'update_profile', 'Update Profile', NULL);
INSERT INTO `language` (`id`, `phrase`, `english`, `bangla`) VALUES ('246', 'your_profile', 'Your Profile', NULL);
INSERT INTO `language` (`id`, `phrase`, `english`, `bangla`) VALUES ('247', 're_type_password', 'Re-Type Password', NULL);
INSERT INTO `language` (`id`, `phrase`, `english`, `bangla`) VALUES ('248', 'new_password', 'New Password', NULL);
INSERT INTO `language` (`id`, `phrase`, `english`, `bangla`) VALUES ('249', 'old_password', 'Old Password', NULL);
INSERT INTO `language` (`id`, `phrase`, `english`, `bangla`) VALUES ('250', 'new_information', 'New Information', NULL);
INSERT INTO `language` (`id`, `phrase`, `english`, `bangla`) VALUES ('251', 'old_information', 'Old Information', NULL);
INSERT INTO `language` (`id`, `phrase`, `english`, `bangla`) VALUES ('252', 'change_your_information', 'Change your information', NULL);
INSERT INTO `language` (`id`, `phrase`, `english`, `bangla`) VALUES ('253', 'change_your_profile', 'Change your profile', NULL);
INSERT INTO `language` (`id`, `phrase`, `english`, `bangla`) VALUES ('254', 'profile', 'Profile', NULL);
INSERT INTO `language` (`id`, `phrase`, `english`, `bangla`) VALUES ('255', 'wrong_username_or_password', 'Wrong User Name Or Password !', NULL);
INSERT INTO `language` (`id`, `phrase`, `english`, `bangla`) VALUES ('256', 'successfully_updated', 'Successfully Updated.', NULL);
INSERT INTO `language` (`id`, `phrase`, `english`, `bangla`) VALUES ('257', 'blank_field_does_not_accept', 'Blank Field Does Not Accept !', NULL);
INSERT INTO `language` (`id`, `phrase`, `english`, `bangla`) VALUES ('258', 'successfully_changed_password', 'Successfully changed password.', NULL);
INSERT INTO `language` (`id`, `phrase`, `english`, `bangla`) VALUES ('259', 'you_are_not_authorised_person', 'You are not authorised person !', NULL);
INSERT INTO `language` (`id`, `phrase`, `english`, `bangla`) VALUES ('260', 'password_and_repassword_does_not_match', 'Passwor and re-password does not match !', NULL);
INSERT INTO `language` (`id`, `phrase`, `english`, `bangla`) VALUES ('261', 'new_password_at_least_six_character', 'New Password At Least 6 Character.', NULL);
INSERT INTO `language` (`id`, `phrase`, `english`, `bangla`) VALUES ('262', 'you_put_wrong_email_address', 'You put wrong email address !', NULL);
INSERT INTO `language` (`id`, `phrase`, `english`, `bangla`) VALUES ('263', 'cheque_ammount_asjusted', 'Cheque amount adjusted.', NULL);
INSERT INTO `language` (`id`, `phrase`, `english`, `bangla`) VALUES ('264', 'successfully_payment_paid', 'Successfully Payment Paid.', NULL);
INSERT INTO `language` (`id`, `phrase`, `english`, `bangla`) VALUES ('265', 'successfully_added', 'Successfully Added.', NULL);
INSERT INTO `language` (`id`, `phrase`, `english`, `bangla`) VALUES ('266', 'successfully_updated_2_closing_ammount_not_changeale', 'Successfully Updated -2. Note: Closing Amount Not Changeable.', NULL);
INSERT INTO `language` (`id`, `phrase`, `english`, `bangla`) VALUES ('267', 'successfully_payment_received', 'Successfully Payment Received.', NULL);
INSERT INTO `language` (`id`, `phrase`, `english`, `bangla`) VALUES ('268', 'already_inserted', 'Already Inserted !', NULL);
INSERT INTO `language` (`id`, `phrase`, `english`, `bangla`) VALUES ('269', 'successfully_delete', 'Successfully Delete.', NULL);
INSERT INTO `language` (`id`, `phrase`, `english`, `bangla`) VALUES ('270', 'successfully_created', 'Successfully Created.', NULL);
INSERT INTO `language` (`id`, `phrase`, `english`, `bangla`) VALUES ('271', 'logo_not_uploaded', 'Logo not uploaded !', NULL);
INSERT INTO `language` (`id`, `phrase`, `english`, `bangla`) VALUES ('272', 'favicon_not_uploaded', 'Favicon not uploaded !', NULL);
INSERT INTO `language` (`id`, `phrase`, `english`, `bangla`) VALUES ('273', 'manufacturer_mobile', 'Manufacturer  Mobile', NULL);
INSERT INTO `language` (`id`, `phrase`, `english`, `bangla`) VALUES ('274', 'manufacturer_address', 'Manufacturer  Address', NULL);
INSERT INTO `language` (`id`, `phrase`, `english`, `bangla`) VALUES ('275', 'manufacturer_details', 'Manufacturer Details', NULL);
INSERT INTO `language` (`id`, `phrase`, `english`, `bangla`) VALUES ('276', 'add_new_manufacturer', 'Add New Manufacturer', NULL);
INSERT INTO `language` (`id`, `phrase`, `english`, `bangla`) VALUES ('277', 'manage_suppiler', 'Manage Manufacturer', NULL);
INSERT INTO `language` (`id`, `phrase`, `english`, `bangla`) VALUES ('278', 'manage_your_manufacturer', 'Manage your Manufacturer', NULL);
INSERT INTO `language` (`id`, `phrase`, `english`, `bangla`) VALUES ('279', 'manage_manufacturer_ledger', 'Manage Manufacturer', NULL);
INSERT INTO `language` (`id`, `phrase`, `english`, `bangla`) VALUES ('280', 'invoice_id', 'Invoice ID', NULL);
INSERT INTO `language` (`id`, `phrase`, `english`, `bangla`) VALUES ('281', 'deposite_id', 'Deposite ID', NULL);
INSERT INTO `language` (`id`, `phrase`, `english`, `bangla`) VALUES ('282', 'manufacturer_actual_ledger', 'Manufacturer Actual Ledger', NULL);
INSERT INTO `language` (`id`, `phrase`, `english`, `bangla`) VALUES ('283', 'manufacturer_information', 'Manufacturer Information', NULL);
INSERT INTO `language` (`id`, `phrase`, `english`, `bangla`) VALUES ('284', 'event', 'Event', NULL);
INSERT INTO `language` (`id`, `phrase`, `english`, `bangla`) VALUES ('285', 'add_new_income', 'Add New Income', NULL);
INSERT INTO `language` (`id`, `phrase`, `english`, `bangla`) VALUES ('286', 'add_expese', 'Add Expense', NULL);
INSERT INTO `language` (`id`, `phrase`, `english`, `bangla`) VALUES ('287', 'add_new_expense', 'Add New Expense', NULL);
INSERT INTO `language` (`id`, `phrase`, `english`, `bangla`) VALUES ('288', 'total_income_ammount', 'Total Income Amount', NULL);
INSERT INTO `language` (`id`, `phrase`, `english`, `bangla`) VALUES ('289', 'create_new_invoice', 'Create New Invoice', NULL);
INSERT INTO `language` (`id`, `phrase`, `english`, `bangla`) VALUES ('290', 'create_pos_invoice', 'Create POS Invoice', NULL);
INSERT INTO `language` (`id`, `phrase`, `english`, `bangla`) VALUES ('291', 'total_profit', 'Total Profit', NULL);
INSERT INTO `language` (`id`, `phrase`, `english`, `bangla`) VALUES ('292', 'monthly_progress_report', 'Monthly Progress Report', NULL);
INSERT INTO `language` (`id`, `phrase`, `english`, `bangla`) VALUES ('293', 'total_invoice', 'Total Invoice', NULL);
INSERT INTO `language` (`id`, `phrase`, `english`, `bangla`) VALUES ('294', 'account_summary', 'Account Summary', NULL);
INSERT INTO `language` (`id`, `phrase`, `english`, `bangla`) VALUES ('295', 'total_manufacturer', 'Total manufacturer', NULL);
INSERT INTO `language` (`id`, `phrase`, `english`, `bangla`) VALUES ('296', 'total_product', 'Total Medicine', NULL);
INSERT INTO `language` (`id`, `phrase`, `english`, `bangla`) VALUES ('297', 'total_customer', 'Total Customer', NULL);
INSERT INTO `language` (`id`, `phrase`, `english`, `bangla`) VALUES ('298', 'manufacturer_edit', 'Manufacturer Edit', NULL);
INSERT INTO `language` (`id`, `phrase`, `english`, `bangla`) VALUES ('299', 'add_new_invoice', 'Add New Invoice', NULL);
INSERT INTO `language` (`id`, `phrase`, `english`, `bangla`) VALUES ('300', 'add_new_purchase', 'Add new purchase', NULL);
INSERT INTO `language` (`id`, `phrase`, `english`, `bangla`) VALUES ('301', 'currency', 'Currency', NULL);
INSERT INTO `language` (`id`, `phrase`, `english`, `bangla`) VALUES ('302', 'currency_position', 'Currency Position', NULL);
INSERT INTO `language` (`id`, `phrase`, `english`, `bangla`) VALUES ('303', 'left', 'Left', NULL);
INSERT INTO `language` (`id`, `phrase`, `english`, `bangla`) VALUES ('304', 'right', 'Right', NULL);
INSERT INTO `language` (`id`, `phrase`, `english`, `bangla`) VALUES ('305', 'add_tax', 'Add Tax', NULL);
INSERT INTO `language` (`id`, `phrase`, `english`, `bangla`) VALUES ('306', 'manage_tax', 'Manage Tax', NULL);
INSERT INTO `language` (`id`, `phrase`, `english`, `bangla`) VALUES ('307', 'add_new_tax', 'Add new tax', NULL);
INSERT INTO `language` (`id`, `phrase`, `english`, `bangla`) VALUES ('308', 'enter_tax', 'Enter Tax', NULL);
INSERT INTO `language` (`id`, `phrase`, `english`, `bangla`) VALUES ('309', 'already_exists', 'Already Exists !', NULL);
INSERT INTO `language` (`id`, `phrase`, `english`, `bangla`) VALUES ('310', 'successfully_inserted', 'Successfully Inserted.', NULL);
INSERT INTO `language` (`id`, `phrase`, `english`, `bangla`) VALUES ('311', 'tax', 'Tax', NULL);
INSERT INTO `language` (`id`, `phrase`, `english`, `bangla`) VALUES ('312', 'tax_edit', 'Tax Edit', NULL);
INSERT INTO `language` (`id`, `phrase`, `english`, `bangla`) VALUES ('313', 'product_not_added', 'Medicine not added !', NULL);
INSERT INTO `language` (`id`, `phrase`, `english`, `bangla`) VALUES ('314', 'total_tax', 'Total Tax', NULL);
INSERT INTO `language` (`id`, `phrase`, `english`, `bangla`) VALUES ('315', 'manage_your_manufacturer_details', 'Manage your Manufacturer', NULL);
INSERT INTO `language` (`id`, `phrase`, `english`, `bangla`) VALUES ('316', 'invoice_description', 'Lorem Ipsum is simply dummy text of the printing and typesetting industry. Lorem Ipsum has been the industry\'s                                       standard dummy text ever since the 1500s, when an unknown printer took a galley of type and scrambled it to make a type specimen book.', NULL);
INSERT INTO `language` (`id`, `phrase`, `english`, `bangla`) VALUES ('317', 'thank_you_for_choosing_us', 'Thank you very much for choosing us.', NULL);
INSERT INTO `language` (`id`, `phrase`, `english`, `bangla`) VALUES ('318', 'billing_date', 'Billing Date', NULL);
INSERT INTO `language` (`id`, `phrase`, `english`, `bangla`) VALUES ('319', 'billing_to', 'Billing To', NULL);
INSERT INTO `language` (`id`, `phrase`, `english`, `bangla`) VALUES ('320', 'billing_from', 'Billing From', NULL);
INSERT INTO `language` (`id`, `phrase`, `english`, `bangla`) VALUES ('321', 'you_cant_delete_this_product', 'Sorry !!  You can\'t delete this medicine.This medicine already used in calculation system!', NULL);
INSERT INTO `language` (`id`, `phrase`, `english`, `bangla`) VALUES ('322', 'old_customer', 'Old Customer', NULL);
INSERT INTO `language` (`id`, `phrase`, `english`, `bangla`) VALUES ('323', 'new_customer', 'New Customer', NULL);
INSERT INTO `language` (`id`, `phrase`, `english`, `bangla`) VALUES ('324', 'new_manufacturer', 'New Manufacturer', NULL);
INSERT INTO `language` (`id`, `phrase`, `english`, `bangla`) VALUES ('325', 'old_manufacturer', 'Old Manufacturer', NULL);
INSERT INTO `language` (`id`, `phrase`, `english`, `bangla`) VALUES ('326', 'credit_customer', 'Credit Customer', NULL);
INSERT INTO `language` (`id`, `phrase`, `english`, `bangla`) VALUES ('327', 'account_already_exists', 'This Account Already Exists !', NULL);
INSERT INTO `language` (`id`, `phrase`, `english`, `bangla`) VALUES ('328', 'edit_income', 'Edit Income', NULL);
INSERT INTO `language` (`id`, `phrase`, `english`, `bangla`) VALUES ('329', 'you_are_not_access_this_part', 'You are not authorised person !', NULL);
INSERT INTO `language` (`id`, `phrase`, `english`, `bangla`) VALUES ('330', 'account_edit', 'Account Edit', NULL);
INSERT INTO `language` (`id`, `phrase`, `english`, `bangla`) VALUES ('331', 'due', 'Due', NULL);
INSERT INTO `language` (`id`, `phrase`, `english`, `bangla`) VALUES ('332', 'expense_edit', 'Expense Edit', NULL);
INSERT INTO `language` (`id`, `phrase`, `english`, `bangla`) VALUES ('333', 'please_select_customer', 'Please select customer !', NULL);
INSERT INTO `language` (`id`, `phrase`, `english`, `bangla`) VALUES ('334', 'profit_report', 'Profit Report (Invoice Wise)', NULL);
INSERT INTO `language` (`id`, `phrase`, `english`, `bangla`) VALUES ('335', 'total_profit_report', 'Total profit report', NULL);
INSERT INTO `language` (`id`, `phrase`, `english`, `bangla`) VALUES ('336', 'please_enter_valid_captcha', 'Please enter valid captcha.', NULL);
INSERT INTO `language` (`id`, `phrase`, `english`, `bangla`) VALUES ('337', 'category_not_selected', 'Category not selected.', NULL);
INSERT INTO `language` (`id`, `phrase`, `english`, `bangla`) VALUES ('338', 'manufacturer_not_selected', 'Manufacturer not selected.', NULL);
INSERT INTO `language` (`id`, `phrase`, `english`, `bangla`) VALUES ('339', 'please_select_product', 'Please select medicine', NULL);
INSERT INTO `language` (`id`, `phrase`, `english`, `bangla`) VALUES ('340', 'product_model_already_exist', 'Medicine model already exist !', NULL);
INSERT INTO `language` (`id`, `phrase`, `english`, `bangla`) VALUES ('341', 'invoice_logo', 'Invoice Logo', NULL);
INSERT INTO `language` (`id`, `phrase`, `english`, `bangla`) VALUES ('342', 'available_quantity', 'Available Quantity', NULL);
INSERT INTO `language` (`id`, `phrase`, `english`, `bangla`) VALUES ('343', 'you_can_not_buy_greater_than_available_quantity', 'You can not select grater than availale quantity !', NULL);
INSERT INTO `language` (`id`, `phrase`, `english`, `bangla`) VALUES ('344', 'customer_details', 'Customer details', NULL);
INSERT INTO `language` (`id`, `phrase`, `english`, `bangla`) VALUES ('345', 'manage_customer_details', 'Manage customer details.', NULL);
INSERT INTO `language` (`id`, `phrase`, `english`, `bangla`) VALUES ('346', 'box_size', 'Box size', NULL);
INSERT INTO `language` (`id`, `phrase`, `english`, `bangla`) VALUES ('347', 'expire_date', 'Expiry  date', NULL);
INSERT INTO `language` (`id`, `phrase`, `english`, `bangla`) VALUES ('348', 'product_location', 'Medicine  Shelf', NULL);
INSERT INTO `language` (`id`, `phrase`, `english`, `bangla`) VALUES ('349', 'generic_name', 'Generic name', NULL);
INSERT INTO `language` (`id`, `phrase`, `english`, `bangla`) VALUES ('350', 'payment_method', 'Payment Method', NULL);
INSERT INTO `language` (`id`, `phrase`, `english`, `bangla`) VALUES ('351', 'card_no', 'Card no', NULL);
INSERT INTO `language` (`id`, `phrase`, `english`, `bangla`) VALUES ('352', 'medicine', 'Medicine', NULL);
INSERT INTO `language` (`id`, `phrase`, `english`, `bangla`) VALUES ('353', 'medicine_search', 'Medicine Search', NULL);
INSERT INTO `language` (`id`, `phrase`, `english`, `bangla`) VALUES ('354', 'what_you_search', 'Enter what you search', NULL);
INSERT INTO `language` (`id`, `phrase`, `english`, `bangla`) VALUES ('355', 'company', 'Company', NULL);
INSERT INTO `language` (`id`, `phrase`, `english`, `bangla`) VALUES ('356', 'customer_search', 'Customer search', NULL);
INSERT INTO `language` (`id`, `phrase`, `english`, `bangla`) VALUES ('357', 'invoice_search', 'Invoice search', NULL);
INSERT INTO `language` (`id`, `phrase`, `english`, `bangla`) VALUES ('358', 'purchase_search', 'Purchase search', NULL);
INSERT INTO `language` (`id`, `phrase`, `english`, `bangla`) VALUES ('359', 'daily_closing_report', 'Daily closing report.', NULL);
INSERT INTO `language` (`id`, `phrase`, `english`, `bangla`) VALUES ('360', 'closing_search_report', 'Closing Search Report', NULL);
INSERT INTO `language` (`id`, `phrase`, `english`, `bangla`) VALUES ('361', 'category_list', 'Category List', NULL);
INSERT INTO `language` (`id`, `phrase`, `english`, `bangla`) VALUES ('362', 'company_list', 'Company List', NULL);
INSERT INTO `language` (`id`, `phrase`, `english`, `bangla`) VALUES ('363', 'customers_list', 'Customer List', NULL);
INSERT INTO `language` (`id`, `phrase`, `english`, `bangla`) VALUES ('364', 'credit_customer_list', 'Credit Customer List', NULL);
INSERT INTO `language` (`id`, `phrase`, `english`, `bangla`) VALUES ('365', 'previous_balance_adjustment', 'Previous Balance Adjustment', NULL);
INSERT INTO `language` (`id`, `phrase`, `english`, `bangla`) VALUES ('366', 'invoice_list', 'Invoice List', NULL);
INSERT INTO `language` (`id`, `phrase`, `english`, `bangla`) VALUES ('367', 'add_pos_invoice', 'Add POS Invoice', NULL);
INSERT INTO `language` (`id`, `phrase`, `english`, `bangla`) VALUES ('368', 'add_invoice', 'Add Invoice', NULL);
INSERT INTO `language` (`id`, `phrase`, `english`, `bangla`) VALUES ('369', 'product_list', 'Medicine List', NULL);
INSERT INTO `language` (`id`, `phrase`, `english`, `bangla`) VALUES ('370', 'purchases_list', 'Purchase List', NULL);
INSERT INTO `language` (`id`, `phrase`, `english`, `bangla`) VALUES ('371', 'purchase_list', 'Purchase List', NULL);
INSERT INTO `language` (`id`, `phrase`, `english`, `bangla`) VALUES ('372', 'stock_list', 'Stock List', NULL);
INSERT INTO `language` (`id`, `phrase`, `english`, `bangla`) VALUES ('373', 'all_report', 'All Report', NULL);
INSERT INTO `language` (`id`, `phrase`, `english`, `bangla`) VALUES ('374', 'daily_sales_report', 'Daily sales Report', NULL);
INSERT INTO `language` (`id`, `phrase`, `english`, `bangla`) VALUES ('375', 'product_wise_sales_report', 'Medicine Wise Sales Report', NULL);
INSERT INTO `language` (`id`, `phrase`, `english`, `bangla`) VALUES ('376', 'bank_update', 'Bank Update', NULL);
INSERT INTO `language` (`id`, `phrase`, `english`, `bangla`) VALUES ('377', 'account_list', 'Account List', NULL);
INSERT INTO `language` (`id`, `phrase`, `english`, `bangla`) VALUES ('378', 'manufacturer_list', 'Manufacturer  List', NULL);
INSERT INTO `language` (`id`, `phrase`, `english`, `bangla`) VALUES ('379', 'manufacturer_search_item', 'Manufacturer  Search Item', NULL);
INSERT INTO `language` (`id`, `phrase`, `english`, `bangla`) VALUES ('380', 'user_list', 'User List', NULL);
INSERT INTO `language` (`id`, `phrase`, `english`, `bangla`) VALUES ('381', 'user_search_item', 'User Search Item', NULL);
INSERT INTO `language` (`id`, `phrase`, `english`, `bangla`) VALUES ('382', 'change_password', 'Change Password', NULL);
INSERT INTO `language` (`id`, `phrase`, `english`, `bangla`) VALUES ('383', 'admin_login_area', 'Admin Login Area', NULL);
INSERT INTO `language` (`id`, `phrase`, `english`, `bangla`) VALUES ('384', 'accounts_inflow_form', 'Account Inflow Form', NULL);
INSERT INTO `language` (`id`, `phrase`, `english`, `bangla`) VALUES ('385', 'accounts_outflow_form', 'Accounts Outflow Form', NULL);
INSERT INTO `language` (`id`, `phrase`, `english`, `bangla`) VALUES ('386', 'accounts_tax_form', 'Accounts Tax Form', NULL);
INSERT INTO `language` (`id`, `phrase`, `english`, `bangla`) VALUES ('387', 'accounts_manage_tax', 'Accounts Manage Tax', NULL);
INSERT INTO `language` (`id`, `phrase`, `english`, `bangla`) VALUES ('388', 'accounts_tax_edit', 'Accounts Tax Edit', NULL);
INSERT INTO `language` (`id`, `phrase`, `english`, `bangla`) VALUES ('389', 'accounts_summary_data', 'Accounts Summary Data', NULL);
INSERT INTO `language` (`id`, `phrase`, `english`, `bangla`) VALUES ('390', 'accounts_details_data', 'Accounts Details Data', NULL);
INSERT INTO `language` (`id`, `phrase`, `english`, `bangla`) VALUES ('391', 'datewise_summary_data', 'Datewise Summary Data', NULL);
INSERT INTO `language` (`id`, `phrase`, `english`, `bangla`) VALUES ('392', 'accounts_cheque_manager', 'Account Cheque Manager', NULL);
INSERT INTO `language` (`id`, `phrase`, `english`, `bangla`) VALUES ('393', 'accounts_edit_data', 'Accounts Edit Data', NULL);
INSERT INTO `language` (`id`, `phrase`, `english`, `bangla`) VALUES ('394', 'print_barcode', 'Print Barcode', NULL);
INSERT INTO `language` (`id`, `phrase`, `english`, `bangla`) VALUES ('395', 'print_qrcode', 'Print Qrcode', NULL);
INSERT INTO `language` (`id`, `phrase`, `english`, `bangla`) VALUES ('396', 'add_new_account', 'Add New Account', NULL);
INSERT INTO `language` (`id`, `phrase`, `english`, `bangla`) VALUES ('397', 'table_edit', 'Table Edit', NULL);
INSERT INTO `language` (`id`, `phrase`, `english`, `bangla`) VALUES ('398', 'secret_key', 'Secret Key', NULL);
INSERT INTO `language` (`id`, `phrase`, `english`, `bangla`) VALUES ('399', 'site_key', 'Site Key', NULL);
INSERT INTO `language` (`id`, `phrase`, `english`, `bangla`) VALUES ('400', 'captcha', 'Captcha', NULL);
INSERT INTO `language` (`id`, `phrase`, `english`, `bangla`) VALUES ('401', 'please_add_walking_customer_for_default_customer', 'Please add walking customer for default customer. ', NULL);
INSERT INTO `language` (`id`, `phrase`, `english`, `bangla`) VALUES ('402', 'barcode_qrcode_scan_here', 'Barcode Or QRcode scan here', NULL);
INSERT INTO `language` (`id`, `phrase`, `english`, `bangla`) VALUES ('403', 'manage_your_credit_customer', 'Manage your credit customer', NULL);
INSERT INTO `language` (`id`, `phrase`, `english`, `bangla`) VALUES ('404', 'unit', 'Unit', NULL);
INSERT INTO `language` (`id`, `phrase`, `english`, `bangla`) VALUES ('405', 'total_discount', 'Total Discount', NULL);
INSERT INTO `language` (`id`, `phrase`, `english`, `bangla`) VALUES ('406', 'meter_m', 'Meter (M)', NULL);
INSERT INTO `language` (`id`, `phrase`, `english`, `bangla`) VALUES ('407', 'piece_pc', 'Piece (Pc)', NULL);
INSERT INTO `language` (`id`, `phrase`, `english`, `bangla`) VALUES ('408', 'kilogram_kg', 'Kilogram (Kg)', NULL);
INSERT INTO `language` (`id`, `phrase`, `english`, `bangla`) VALUES ('409', 'import_product_csv', 'Import Medicine (CSV)', NULL);
INSERT INTO `language` (`id`, `phrase`, `english`, `bangla`) VALUES ('410', 'close', 'Close', NULL);
INSERT INTO `language` (`id`, `phrase`, `english`, `bangla`) VALUES ('411', 'csv_file_informaion', 'File Information (CSV)', NULL);
INSERT INTO `language` (`id`, `phrase`, `english`, `bangla`) VALUES ('412', 'download_example_file', 'Download Example File', NULL);
INSERT INTO `language` (`id`, `phrase`, `english`, `bangla`) VALUES ('413', 'upload_csv_file', 'Upload CSV File', NULL);
INSERT INTO `language` (`id`, `phrase`, `english`, `bangla`) VALUES ('414', 'manufacturer_id', 'Manufacturer ID', NULL);
INSERT INTO `language` (`id`, `phrase`, `english`, `bangla`) VALUES ('415', 'category_id', 'Category ID', NULL);
INSERT INTO `language` (`id`, `phrase`, `english`, `bangla`) VALUES ('416', 'are_you_sure_to_delete', 'Are you sure,want to delete ?', NULL);
INSERT INTO `language` (`id`, `phrase`, `english`, `bangla`) VALUES ('417', 'stock_report_manufacturer_wise', 'Stock Report (Manufacturer Wise)', NULL);
INSERT INTO `language` (`id`, `phrase`, `english`, `bangla`) VALUES ('418', 'stock_report_product_wise', 'Stock Report (Product Wise)', NULL);
INSERT INTO `language` (`id`, `phrase`, `english`, `bangla`) VALUES ('419', 'select_manufacturer', 'Select Manufacturer', NULL);
INSERT INTO `language` (`id`, `phrase`, `english`, `bangla`) VALUES ('420', 'select_product', 'Select Product', NULL);
INSERT INTO `language` (`id`, `phrase`, `english`, `bangla`) VALUES ('421', 'phone', 'Phone', NULL);
INSERT INTO `language` (`id`, `phrase`, `english`, `bangla`) VALUES ('422', 'in_quantity', 'In Quantity', NULL);
INSERT INTO `language` (`id`, `phrase`, `english`, `bangla`) VALUES ('423', 'out_quantity', 'Sold QTY', NULL);
INSERT INTO `language` (`id`, `phrase`, `english`, `bangla`) VALUES ('424', 'in_taka', 'In Taka', NULL);
INSERT INTO `language` (`id`, `phrase`, `english`, `bangla`) VALUES ('425', 'out_taka', 'Out Taka', NULL);
INSERT INTO `language` (`id`, `phrase`, `english`, `bangla`) VALUES ('426', 'data_synchronizer', 'Data Synchronizer', NULL);
INSERT INTO `language` (`id`, `phrase`, `english`, `bangla`) VALUES ('427', 'synchronize', 'Synchronize', NULL);
INSERT INTO `language` (`id`, `phrase`, `english`, `bangla`) VALUES ('428', 'backup_restore', 'Backup And Restore', NULL);
INSERT INTO `language` (`id`, `phrase`, `english`, `bangla`) VALUES ('429', 'synchronizer_setting', 'Synchronizer Setting', NULL);
INSERT INTO `language` (`id`, `phrase`, `english`, `bangla`) VALUES ('430', 'backup_and_restore', 'Backup And Restore', NULL);
INSERT INTO `language` (`id`, `phrase`, `english`, `bangla`) VALUES ('431', 'hostname', 'Host Name', NULL);
INSERT INTO `language` (`id`, `phrase`, `english`, `bangla`) VALUES ('432', 'username', 'User Name', NULL);
INSERT INTO `language` (`id`, `phrase`, `english`, `bangla`) VALUES ('433', 'ftp_port', 'FTP Port', NULL);
INSERT INTO `language` (`id`, `phrase`, `english`, `bangla`) VALUES ('434', 'ftp_debug', 'FTP Debug', NULL);
INSERT INTO `language` (`id`, `phrase`, `english`, `bangla`) VALUES ('435', 'project_root', 'Project Root', NULL);
INSERT INTO `language` (`id`, `phrase`, `english`, `bangla`) VALUES ('436', 'internet_connection', 'Internet connection', NULL);
INSERT INTO `language` (`id`, `phrase`, `english`, `bangla`) VALUES ('437', 'ok', 'Ok', NULL);
INSERT INTO `language` (`id`, `phrase`, `english`, `bangla`) VALUES ('438', 'not_available', 'Not available', NULL);
INSERT INTO `language` (`id`, `phrase`, `english`, `bangla`) VALUES ('439', 'outgoing_file', 'Outgoing File', NULL);
INSERT INTO `language` (`id`, `phrase`, `english`, `bangla`) VALUES ('440', 'available', 'Available', NULL);
INSERT INTO `language` (`id`, `phrase`, `english`, `bangla`) VALUES ('441', 'incoming_file', 'Incoming file', NULL);
INSERT INTO `language` (`id`, `phrase`, `english`, `bangla`) VALUES ('442', 'data_upload_to_server', 'Data upload to server', NULL);
INSERT INTO `language` (`id`, `phrase`, `english`, `bangla`) VALUES ('443', 'download_data_from_server', 'Download data from server', NULL);
INSERT INTO `language` (`id`, `phrase`, `english`, `bangla`) VALUES ('444', 'data_import_to_database', 'Data import to database', NULL);
INSERT INTO `language` (`id`, `phrase`, `english`, `bangla`) VALUES ('445', 'please_wait', 'Please Wait', NULL);
INSERT INTO `language` (`id`, `phrase`, `english`, `bangla`) VALUES ('446', 'ooops_something_went_wrong', 'Ooops something went wrong', NULL);
INSERT INTO `language` (`id`, `phrase`, `english`, `bangla`) VALUES ('447', 'file_information', 'File Information', NULL);
INSERT INTO `language` (`id`, `phrase`, `english`, `bangla`) VALUES ('448', 'size', 'Size', NULL);
INSERT INTO `language` (`id`, `phrase`, `english`, `bangla`) VALUES ('449', 'backup_date', 'Backup date', NULL);
INSERT INTO `language` (`id`, `phrase`, `english`, `bangla`) VALUES ('450', 'backup_now', 'Backup Now', NULL);
INSERT INTO `language` (`id`, `phrase`, `english`, `bangla`) VALUES ('451', 'are_you_sure', 'Are you sure ?', NULL);
INSERT INTO `language` (`id`, `phrase`, `english`, `bangla`) VALUES ('452', 'download', 'Downlaod', NULL);
INSERT INTO `language` (`id`, `phrase`, `english`, `bangla`) VALUES ('453', 'database_backup', 'Database Backup', NULL);
INSERT INTO `language` (`id`, `phrase`, `english`, `bangla`) VALUES ('454', 'backup_successfully', 'Backup Successfully', NULL);
INSERT INTO `language` (`id`, `phrase`, `english`, `bangla`) VALUES ('455', 'please_try_again', 'Please Try Again', NULL);
INSERT INTO `language` (`id`, `phrase`, `english`, `bangla`) VALUES ('456', 'restore_successfully', 'Restore successfully', NULL);
INSERT INTO `language` (`id`, `phrase`, `english`, `bangla`) VALUES ('457', 'download_successfully', 'Download Successfully', NULL);
INSERT INTO `language` (`id`, `phrase`, `english`, `bangla`) VALUES ('458', 'delete_successfully', 'Delete Successfully', NULL);
INSERT INTO `language` (`id`, `phrase`, `english`, `bangla`) VALUES ('459', 'ftp_setting', 'FTP Setting', NULL);
INSERT INTO `language` (`id`, `phrase`, `english`, `bangla`) VALUES ('460', 'save_successfully', 'Save successfully', NULL);
INSERT INTO `language` (`id`, `phrase`, `english`, `bangla`) VALUES ('461', 'upload_successfully', 'Upload successfully.', NULL);
INSERT INTO `language` (`id`, `phrase`, `english`, `bangla`) VALUES ('462', 'unable_to_upload_file_please_check_configuration', 'unable to upload file please check configuration.', NULL);
INSERT INTO `language` (`id`, `phrase`, `english`, `bangla`) VALUES ('463', 'please_configure_synchronizer_settings', 'Please Configure Synchronizer Settings ', NULL);
INSERT INTO `language` (`id`, `phrase`, `english`, `bangla`) VALUES ('464', 'unable_to_download_file_please_check_configuration', 'Unable To Download File,Please Check Configuration.', NULL);
INSERT INTO `language` (`id`, `phrase`, `english`, `bangla`) VALUES ('465', 'data_import_first', 'Data Import First', NULL);
INSERT INTO `language` (`id`, `phrase`, `english`, `bangla`) VALUES ('466', 'data_import_successfully', 'Data Import Successfully', NULL);
INSERT INTO `language` (`id`, `phrase`, `english`, `bangla`) VALUES ('467', 'unable_to_import_data_please_check_config_or_sql_file', 'Unable to import data please check config or sql file.', NULL);
INSERT INTO `language` (`id`, `phrase`, `english`, `bangla`) VALUES ('468', 'restore_now', 'Restore Now', NULL);
INSERT INTO `language` (`id`, `phrase`, `english`, `bangla`) VALUES ('469', 'out_of_stock', 'Out Of Stock', NULL);
INSERT INTO `language` (`id`, `phrase`, `english`, `bangla`) VALUES ('470', 'others', 'Others', NULL);
INSERT INTO `language` (`id`, `phrase`, `english`, `bangla`) VALUES ('471', 'shelf', 'Shelf', NULL);
INSERT INTO `language` (`id`, `phrase`, `english`, `bangla`) VALUES ('472', 'discount_type', 'Discount Type ', NULL);
INSERT INTO `language` (`id`, `phrase`, `english`, `bangla`) VALUES ('473', 'discount_percentage', 'Discount', NULL);
INSERT INTO `language` (`id`, `phrase`, `english`, `bangla`) VALUES ('474', 'fixed_dis', 'Fixed Dis', NULL);
INSERT INTO `language` (`id`, `phrase`, `english`, `bangla`) VALUES ('475', 'full_paid', 'Full Paid', NULL);
INSERT INTO `language` (`id`, `phrase`, `english`, `bangla`) VALUES ('476', 'available_qnty', 'Ava.Qty', NULL);
INSERT INTO `language` (`id`, `phrase`, `english`, `bangla`) VALUES ('477', 'stock_ctn', 'Stock/Qnt', NULL);
INSERT INTO `language` (`id`, `phrase`, `english`, `bangla`) VALUES ('478', 'sale_price', 'Sale Price', NULL);
INSERT INTO `language` (`id`, `phrase`, `english`, `bangla`) VALUES ('479', 'manufacturer_rate', 'Manufacturer  Price', NULL);
INSERT INTO `language` (`id`, `phrase`, `english`, `bangla`) VALUES ('480', 'please_upload_image_type', 'Sorry!!! Please Upload jpg,jpeg,png,gif typeimage', NULL);
INSERT INTO `language` (`id`, `phrase`, `english`, `bangla`) VALUES ('481', 'ml', 'Milli liter(ml)', NULL);
INSERT INTO `language` (`id`, `phrase`, `english`, `bangla`) VALUES ('482', 'mg', 'Milli Gram(mg)', NULL);
INSERT INTO `language` (`id`, `phrase`, `english`, `bangla`) VALUES ('483', 'you_can_not_buy_greater_than_available_qnty', 'You can not sale more than available quantity ! please purchase this Product', NULL);
INSERT INTO `language` (`id`, `phrase`, `english`, `bangla`) VALUES ('484', 'due_amount', 'Due Amount', NULL);
INSERT INTO `language` (`id`, `phrase`, `english`, `bangla`) VALUES ('485', 'return_invoice', 'Return Invoice', NULL);
INSERT INTO `language` (`id`, `phrase`, `english`, `bangla`) VALUES ('486', 'sold_qty', 'Sold Qty', NULL);
INSERT INTO `language` (`id`, `phrase`, `english`, `bangla`) VALUES ('487', 'ret_quantity', 'Return QTY', NULL);
INSERT INTO `language` (`id`, `phrase`, `english`, `bangla`) VALUES ('488', 'deduction', 'Deduction', NULL);
INSERT INTO `language` (`id`, `phrase`, `english`, `bangla`) VALUES ('489', 'return', 'Return', NULL);
INSERT INTO `language` (`id`, `phrase`, `english`, `bangla`) VALUES ('490', 'note', 'Return Reasone', NULL);
INSERT INTO `language` (`id`, `phrase`, `english`, `bangla`) VALUES ('491', 'usablilties', 'Return Usability', NULL);
INSERT INTO `language` (`id`, `phrase`, `english`, `bangla`) VALUES ('492', 'adjs_with_stck', 'Adjust With Stock', NULL);
INSERT INTO `language` (`id`, `phrase`, `english`, `bangla`) VALUES ('493', 'return_to_manufacturer', 'Return To Manufacturer', NULL);
INSERT INTO `language` (`id`, `phrase`, `english`, `bangla`) VALUES ('494', 'wastage', 'Wastage', NULL);
INSERT INTO `language` (`id`, `phrase`, `english`, `bangla`) VALUES ('495', 'to_deduction', 'Total Deduction', NULL);
INSERT INTO `language` (`id`, `phrase`, `english`, `bangla`) VALUES ('496', 'nt_return', 'Net Return', NULL);
INSERT INTO `language` (`id`, `phrase`, `english`, `bangla`) VALUES ('497', 'return_id', 'Return Id', NULL);
INSERT INTO `language` (`id`, `phrase`, `english`, `bangla`) VALUES ('498', 'return_details', 'Return Details', NULL);
INSERT INTO `language` (`id`, `phrase`, `english`, `bangla`) VALUES ('499', 'add_return', 'Add Return', NULL);
INSERT INTO `language` (`id`, `phrase`, `english`, `bangla`) VALUES ('500', 'return_list', 'Return List', NULL);
INSERT INTO `language` (`id`, `phrase`, `english`, `bangla`) VALUES ('501', 'stock_return_list', 'Stock Return List', NULL);
INSERT INTO `language` (`id`, `phrase`, `english`, `bangla`) VALUES ('502', 'wastage_return_list', 'Wastage Return List', NULL);
INSERT INTO `language` (`id`, `phrase`, `english`, `bangla`) VALUES ('503', 'check_return', 'Check Return', NULL);
INSERT INTO `language` (`id`, `phrase`, `english`, `bangla`) VALUES ('504', 'quantity_must_be_fillup', 'Return Quantity Must be Fill Up', NULL);
INSERT INTO `language` (`id`, `phrase`, `english`, `bangla`) VALUES ('505', 'expeire_date', 'Expiry  date', NULL);
INSERT INTO `language` (`id`, `phrase`, `english`, `bangla`) VALUES ('506', 'batch_id', 'Batch ID', NULL);
INSERT INTO `language` (`id`, `phrase`, `english`, `bangla`) VALUES ('507', 'manufacturer_return_list', 'Manufacturer  Return List', NULL);
INSERT INTO `language` (`id`, `phrase`, `english`, `bangla`) VALUES ('508', 'c_r_slist', 'Customer Return List ', NULL);
INSERT INTO `language` (`id`, `phrase`, `english`, `bangla`) VALUES ('509', 'manufacturer_return', 'Manufacturer  Return List', NULL);
INSERT INTO `language` (`id`, `phrase`, `english`, `bangla`) VALUES ('510', 'wastage_list', 'Wastage List', NULL);
INSERT INTO `language` (`id`, `phrase`, `english`, `bangla`) VALUES ('511', 'in_qnty', 'In Quantity', NULL);
INSERT INTO `language` (`id`, `phrase`, `english`, `bangla`) VALUES ('512', 'out_qnty', 'Sold QTY', NULL);
INSERT INTO `language` (`id`, `phrase`, `english`, `bangla`) VALUES ('513', 'stock_sale', 'Stock Sell Price', NULL);
INSERT INTO `language` (`id`, `phrase`, `english`, `bangla`) VALUES ('514', 'add_product_csv', 'Import Medicine (CSV)', NULL);
INSERT INTO `language` (`id`, `phrase`, `english`, `bangla`) VALUES ('515', 'purchase_id', 'Purchase ID', NULL);
INSERT INTO `language` (`id`, `phrase`, `english`, `bangla`) VALUES ('516', 'add_payment', 'Add Payment', NULL);
INSERT INTO `language` (`id`, `phrase`, `english`, `bangla`) VALUES ('517', 'add_new_payment', 'Add new Payment', NULL);
INSERT INTO `language` (`id`, `phrase`, `english`, `bangla`) VALUES ('518', 'transaction', 'Transaction', NULL);
INSERT INTO `language` (`id`, `phrase`, `english`, `bangla`) VALUES ('519', 'manage_transaction', 'Manage Transaction', NULL);
INSERT INTO `language` (`id`, `phrase`, `english`, `bangla`) VALUES ('520', 'choose_transaction', 'Choose Transaction', NULL);
INSERT INTO `language` (`id`, `phrase`, `english`, `bangla`) VALUES ('521', 'receipt', 'Receipt', NULL);
INSERT INTO `language` (`id`, `phrase`, `english`, `bangla`) VALUES ('522', 'payment', 'Payment', NULL);
INSERT INTO `language` (`id`, `phrase`, `english`, `bangla`) VALUES ('523', 'transaction_categry', 'Transaction Category', NULL);
INSERT INTO `language` (`id`, `phrase`, `english`, `bangla`) VALUES ('524', 'transaction_mood', 'Transaction Mood', NULL);
INSERT INTO `language` (`id`, `phrase`, `english`, `bangla`) VALUES ('525', 'payment_amount', 'Payment Amount', NULL);
INSERT INTO `language` (`id`, `phrase`, `english`, `bangla`) VALUES ('526', 'receipt_amount', 'Receipt Amount', NULL);
INSERT INTO `language` (`id`, `phrase`, `english`, `bangla`) VALUES ('527', 'daily_summary', 'Daily Summary', NULL);
INSERT INTO `language` (`id`, `phrase`, `english`, `bangla`) VALUES ('528', 'daily_cash_flow', 'Daily  Cashflow', NULL);
INSERT INTO `language` (`id`, `phrase`, `english`, `bangla`) VALUES ('529', 'custom_report', 'Custom Report', NULL);
INSERT INTO `language` (`id`, `phrase`, `english`, `bangla`) VALUES ('530', 'root_account', 'Root Account', NULL);
INSERT INTO `language` (`id`, `phrase`, `english`, `bangla`) VALUES ('531', 'office', 'Office', NULL);
INSERT INTO `language` (`id`, `phrase`, `english`, `bangla`) VALUES ('532', 'loan', 'Loan', NULL);
INSERT INTO `language` (`id`, `phrase`, `english`, `bangla`) VALUES ('533', 'successfully_saved', 'Successfully Saved', NULL);
INSERT INTO `language` (`id`, `phrase`, `english`, `bangla`) VALUES ('534', 'bank', 'Bank', NULL);
INSERT INTO `language` (`id`, `phrase`, `english`, `bangla`) VALUES ('535', 'bank_transaction', 'Bank Transaction', NULL);
INSERT INTO `language` (`id`, `phrase`, `english`, `bangla`) VALUES ('536', 'office_loan', 'Office Loan', NULL);
INSERT INTO `language` (`id`, `phrase`, `english`, `bangla`) VALUES ('537', 'add_person', 'Add Person', NULL);
INSERT INTO `language` (`id`, `phrase`, `english`, `bangla`) VALUES ('538', 'manage_loan', 'Manage Loan', NULL);
INSERT INTO `language` (`id`, `phrase`, `english`, `bangla`) VALUES ('539', 'add_loan', 'Add Loan', NULL);
INSERT INTO `language` (`id`, `phrase`, `english`, `bangla`) VALUES ('540', 'ac_name', 'Account Name', NULL);
INSERT INTO `language` (`id`, `phrase`, `english`, `bangla`) VALUES ('541', 'ac_no', 'Account No', NULL);
INSERT INTO `language` (`id`, `phrase`, `english`, `bangla`) VALUES ('542', 'branch', 'Branch', NULL);
INSERT INTO `language` (`id`, `phrase`, `english`, `bangla`) VALUES ('543', 'signature_pic', 'Signature ', NULL);
INSERT INTO `language` (`id`, `phrase`, `english`, `bangla`) VALUES ('544', 'withdraw_deposite_id', 'Withdraw Deposit ID', NULL);
INSERT INTO `language` (`id`, `phrase`, `english`, `bangla`) VALUES ('545', 'select_report', 'Select Report', NULL);
INSERT INTO `language` (`id`, `phrase`, `english`, `bangla`) VALUES ('546', 'per_qty', 'Purchase Qty', NULL);
INSERT INTO `language` (`id`, `phrase`, `english`, `bangla`) VALUES ('547', 'stock_report_batch_wise', 'Stock Report(Batch Wise)', NULL);
INSERT INTO `language` (`id`, `phrase`, `english`, `bangla`) VALUES ('548', 'box', 'Box', NULL);
INSERT INTO `language` (`id`, `phrase`, `english`, `bangla`) VALUES ('549', 'gram', 'Gram', NULL);
INSERT INTO `language` (`id`, `phrase`, `english`, `bangla`) VALUES ('550', 'profit_report_manufacturer_wise', 'Profit/Loss Report(Manufacturer)', NULL);
INSERT INTO `language` (`id`, `phrase`, `english`, `bangla`) VALUES ('551', 'calculate', 'Calculate', NULL);
INSERT INTO `language` (`id`, `phrase`, `english`, `bangla`) VALUES ('552', 'profit_report_product_wise', 'Profit/Loss  Report Product Wise', NULL);
INSERT INTO `language` (`id`, `phrase`, `english`, `bangla`) VALUES ('553', 'view_report', 'View Report', NULL);
INSERT INTO `language` (`id`, `phrase`, `english`, `bangla`) VALUES ('554', 'report_for', 'Report For', NULL);
INSERT INTO `language` (`id`, `phrase`, `english`, `bangla`) VALUES ('555', 'total_sale_qty', 'Total Sale QTY', NULL);
INSERT INTO `language` (`id`, `phrase`, `english`, `bangla`) VALUES ('556', 'total_purchase_pric', 'Total purchase Price', NULL);
INSERT INTO `language` (`id`, `phrase`, `english`, `bangla`) VALUES ('557', 'total_sale', 'Total Sale', NULL);
INSERT INTO `language` (`id`, `phrase`, `english`, `bangla`) VALUES ('558', 'net_profit', 'Net Profit', NULL);
INSERT INTO `language` (`id`, `phrase`, `english`, `bangla`) VALUES ('559', 'loss', 'Loss', NULL);
INSERT INTO `language` (`id`, `phrase`, `english`, `bangla`) VALUES ('560', 'product_type', 'Medicine Type', NULL);
INSERT INTO `language` (`id`, `phrase`, `english`, `bangla`) VALUES ('561', 'add_type', 'Add Type', NULL);
INSERT INTO `language` (`id`, `phrase`, `english`, `bangla`) VALUES ('562', 'add_new_type', 'Add New  Type', NULL);
INSERT INTO `language` (`id`, `phrase`, `english`, `bangla`) VALUES ('563', 'type', 'Type', NULL);
INSERT INTO `language` (`id`, `phrase`, `english`, `bangla`) VALUES ('564', 'type_name', 'Type Name', NULL);
INSERT INTO `language` (`id`, `phrase`, `english`, `bangla`) VALUES ('565', 'manage_type', 'Manage Type', NULL);
INSERT INTO `language` (`id`, `phrase`, `english`, `bangla`) VALUES ('566', 'type_id', 'Type Id', NULL);
INSERT INTO `language` (`id`, `phrase`, `english`, `bangla`) VALUES ('567', 'type_edit', 'Edit Type', NULL);
INSERT INTO `language` (`id`, `phrase`, `english`, `bangla`) VALUES ('568', 'profitloss', 'profit/Loss', NULL);
INSERT INTO `language` (`id`, `phrase`, `english`, `bangla`) VALUES ('569', 'manufacturer_wise', 'Manufacturer Wise', NULL);
INSERT INTO `language` (`id`, `phrase`, `english`, `bangla`) VALUES ('570', 'product_wise', 'Medicine Wise', NULL);
INSERT INTO `language` (`id`, `phrase`, `english`, `bangla`) VALUES ('571', 'medicine_info', 'Medicine Information', NULL);
INSERT INTO `language` (`id`, `phrase`, `english`, `bangla`) VALUES ('572', 'choose_another_invno', 'Choose Another Invoice No !!', NULL);
INSERT INTO `language` (`id`, `phrase`, `english`, `bangla`) VALUES ('573', 'return_manufacturers', 'Return Manufacturers', NULL);
INSERT INTO `language` (`id`, `phrase`, `english`, `bangla`) VALUES ('574', 'return_manufacturer', 'Return Manufacturers', NULL);
INSERT INTO `language` (`id`, `phrase`, `english`, `bangla`) VALUES ('575', 'please_input_correct_invoice_no', 'Please Input Correct Invoice No', NULL);
INSERT INTO `language` (`id`, `phrase`, `english`, `bangla`) VALUES ('576', 'stock_purchase_price', 'Stock Purchase Price', NULL);
INSERT INTO `language` (`id`, `phrase`, `english`, `bangla`) VALUES ('577', 'manufacturer_returns', 'Manufacturer  Return ', NULL);
INSERT INTO `language` (`id`, `phrase`, `english`, `bangla`) VALUES ('578', 'invoice_discount', 'Invoice Discount', NULL);
INSERT INTO `language` (`id`, `phrase`, `english`, `bangla`) VALUES ('579', 'qty', 'Qty', NULL);
INSERT INTO `language` (`id`, `phrase`, `english`, `bangla`) VALUES ('580', 'discounts', 'Discount', NULL);
INSERT INTO `language` (`id`, `phrase`, `english`, `bangla`) VALUES ('581', 'sub_total', 'Sub Total', NULL);
INSERT INTO `language` (`id`, `phrase`, `english`, `bangla`) VALUES ('582', 'paid', 'Paid', NULL);
INSERT INTO `language` (`id`, `phrase`, `english`, `bangla`) VALUES ('583', 'change', 'Change', NULL);
INSERT INTO `language` (`id`, `phrase`, `english`, `bangla`) VALUES ('584', 'purchase_price', 'Purchase Price', NULL);
INSERT INTO `language` (`id`, `phrase`, `english`, `bangla`) VALUES ('585', 'expiry', 'Expiry', NULL);
INSERT INTO `language` (`id`, `phrase`, `english`, `bangla`) VALUES ('586', 'batch', 'Batch', NULL);
INSERT INTO `language` (`id`, `phrase`, `english`, `bangla`) VALUES ('587', 'role_permission', 'Role Permission', NULL);
INSERT INTO `language` (`id`, `phrase`, `english`, `bangla`) VALUES ('588', 'user_assign_role', 'User Assign Role', NULL);
INSERT INTO `language` (`id`, `phrase`, `english`, `bangla`) VALUES ('589', 'permission', 'Permission', NULL);
INSERT INTO `language` (`id`, `phrase`, `english`, `bangla`) VALUES ('590', 'personal_loan', 'Personal Loan', NULL);
INSERT INTO `language` (`id`, `phrase`, `english`, `bangla`) VALUES ('591', 'role_name', 'Role Name', NULL);
INSERT INTO `language` (`id`, `phrase`, `english`, `bangla`) VALUES ('592', 'create', 'Create', NULL);
INSERT INTO `language` (`id`, `phrase`, `english`, `bangla`) VALUES ('593', 'read', 'Read', NULL);
INSERT INTO `language` (`id`, `phrase`, `english`, `bangla`) VALUES ('594', 'add_role', 'Add Role', NULL);
INSERT INTO `language` (`id`, `phrase`, `english`, `bangla`) VALUES ('595', 'You do not have permission to access. Please contact with administrator.', 'You do not have permission to access. Please contact with administrator.', NULL);
INSERT INTO `language` (`id`, `phrase`, `english`, `bangla`) VALUES ('596', 'role_permission_added_successfully', 'Role Permission Added successfully.', NULL);
INSERT INTO `language` (`id`, `phrase`, `english`, `bangla`) VALUES ('597', 'role_list', 'Role List', NULL);
INSERT INTO `language` (`id`, `phrase`, `english`, `bangla`) VALUES ('598', 'role_permission_updated_successfully', 'Role Permission Updated Successfully.', NULL);
INSERT INTO `language` (`id`, `phrase`, `english`, `bangla`) VALUES ('599', 'add_phrase', 'Add Phrase', NULL);
INSERT INTO `language` (`id`, `phrase`, `english`, `bangla`) VALUES ('600', 'language_home', 'Language Home', NULL);
INSERT INTO `language` (`id`, `phrase`, `english`, `bangla`) VALUES ('601', 'phrase_edit', 'Phrase Edit', NULL);
INSERT INTO `language` (`id`, `phrase`, `english`, `bangla`) VALUES ('602', 'no_role_selected', 'No Role Selected', NULL);
INSERT INTO `language` (`id`, `phrase`, `english`, `bangla`) VALUES ('603', 'category_added_successfully', 'Category added successfully', NULL);
INSERT INTO `language` (`id`, `phrase`, `english`, `bangla`) VALUES ('604', 'category_already_exist', 'Category already exist', NULL);
INSERT INTO `language` (`id`, `phrase`, `english`, `bangla`) VALUES ('605', 'select_manufacturer', 'Select Manufacturer', NULL);
INSERT INTO `language` (`id`, `phrase`, `english`, `bangla`) VALUES ('607', 'select_tax', 'Select Tax', NULL);
INSERT INTO `language` (`id`, `phrase`, `english`, `bangla`) VALUES ('608', 'must_input_numbers', 'Must input numbers', NULL);
INSERT INTO `language` (`id`, `phrase`, `english`, `bangla`) VALUES ('609', 'please_check_your_price', 'Please Check Your Price', NULL);
INSERT INTO `language` (`id`, `phrase`, `english`, `bangla`) VALUES ('610', 'your_profit_is', 'Your Profit is', NULL);
INSERT INTO `language` (`id`, `phrase`, `english`, `bangla`) VALUES ('611', 'failed', 'Failed', NULL);
INSERT INTO `language` (`id`, `phrase`, `english`, `bangla`) VALUES ('612', 'you_have_reached_the_limit_of_adding', 'You have reached the limit of adding', NULL);
INSERT INTO `language` (`id`, `phrase`, `english`, `bangla`) VALUES ('613', 'inputs', 'inputs', NULL);
INSERT INTO `language` (`id`, `phrase`, `english`, `bangla`) VALUES ('614', 'expiry_date_should_be_greater_than_puchase_date', 'Expiry Date should be greater than Puchase Date', NULL);
INSERT INTO `language` (`id`, `phrase`, `english`, `bangla`) VALUES ('615', 'expiry_date_should_be_greater_than_puchase_date', 'Expiry Date should be greater than Puchase Date', NULL);
INSERT INTO `language` (`id`, `phrase`, `english`, `bangla`) VALUES ('616', 'product_name', 'Product Name', NULL);
INSERT INTO `language` (`id`, `phrase`, `english`, `bangla`) VALUES ('617', 'total_quantity', 'Total Quantity', NULL);
INSERT INTO `language` (`id`, `phrase`, `english`, `bangla`) VALUES ('618', 'rates', 'Rate', NULL);
INSERT INTO `language` (`id`, `phrase`, `english`, `bangla`) VALUES ('619', 'total_amount', 'Total Amount', NULL);
INSERT INTO `language` (`id`, `phrase`, `english`, `bangla`) VALUES ('621', 'receipt_detail', 'Receipt Detail', NULL);
INSERT INTO `language` (`id`, `phrase`, `english`, `bangla`) VALUES ('622', 'amount', 'Amount', NULL);
INSERT INTO `language` (`id`, `phrase`, `english`, `bangla`) VALUES ('623', 'save_and_add_another_one', 'Save and add another one', NULL);
INSERT INTO `language` (`id`, `phrase`, `english`, `bangla`) VALUES ('624', 'checque_number', 'Checque Number', NULL);
INSERT INTO `language` (`id`, `phrase`, `english`, `bangla`) VALUES ('625', 'edit_receipt', 'Edit Receipt', NULL);
INSERT INTO `language` (`id`, `phrase`, `english`, `bangla`) VALUES ('626', 'receipt_list', 'Receipt List', NULL);
INSERT INTO `language` (`id`, `phrase`, `english`, `bangla`) VALUES ('627', 'search_by_customer_name', 'Search By Customer Name', NULL);
INSERT INTO `language` (`id`, `phrase`, `english`, `bangla`) VALUES ('628', 'actions', 'Actions', NULL);
INSERT INTO `language` (`id`, `phrase`, `english`, `bangla`) VALUES ('629', 'no_data_found', 'No Data Found', NULL);
INSERT INTO `language` (`id`, `phrase`, `english`, `bangla`) VALUES ('630', 'edit', 'Edit', NULL);
INSERT INTO `language` (`id`, `phrase`, `english`, `bangla`) VALUES ('631', 'product_not_found', 'Product not found', NULL);
INSERT INTO `language` (`id`, `phrase`, `english`, `bangla`) VALUES ('632', 'request_failed_please_check_your_code_and_try_again', 'Request Failed, Please check your code and try again', NULL);
INSERT INTO `language` (`id`, `phrase`, `english`, `bangla`) VALUES ('633', 'You_can_not_return_more_than_sold_quantity', 'You Can Not Return More than Sold quantity', NULL);
INSERT INTO `language` (`id`, `phrase`, `english`, `bangla`) VALUES ('634', 'you_can_not_return_less_than_1', 'You Can Not Return Less than 1', NULL);
INSERT INTO `language` (`id`, `phrase`, `english`, `bangla`) VALUES ('635', 'transection_details', 'Transection Details', NULL);
INSERT INTO `language` (`id`, `phrase`, `english`, `bangla`) VALUES ('636', 'transection_details_datewise', 'Transection  Details Datewise', NULL);
INSERT INTO `language` (`id`, `phrase`, `english`, `bangla`) VALUES ('637', 'transection_id', 'Transection Id', NULL);
INSERT INTO `language` (`id`, `phrase`, `english`, `bangla`) VALUES ('638', 'select_option', 'Select Option', NULL);
INSERT INTO `language` (`id`, `phrase`, `english`, `bangla`) VALUES ('639', 'loan_list', 'Loan List', NULL);
INSERT INTO `language` (`id`, `phrase`, `english`, `bangla`) VALUES ('640', 'todays_details', 'Todays Details', NULL);
INSERT INTO `language` (`id`, `phrase`, `english`, `bangla`) VALUES ('641', 'transaction_details', 'Transaction Details', NULL);
INSERT INTO `language` (`id`, `phrase`, `english`, `bangla`) VALUES ('642', 'person_id', 'Person ID', NULL);
INSERT INTO `language` (`id`, `phrase`, `english`, `bangla`) VALUES ('643', 'total_transection', 'Total Transection', NULL);
INSERT INTO `language` (`id`, `phrase`, `english`, `bangla`) VALUES ('644', 'transaction_id', 'Transaction ID', NULL);
INSERT INTO `language` (`id`, `phrase`, `english`, `bangla`) VALUES ('645', 'transection_report', 'Transection Report', NULL);
INSERT INTO `language` (`id`, `phrase`, `english`, `bangla`) VALUES ('646', 'add_transection', 'Add Transection', NULL);
INSERT INTO `language` (`id`, `phrase`, `english`, `bangla`) VALUES ('647', 'manage_transection', 'Manage Transection', NULL);
INSERT INTO `language` (`id`, `phrase`, `english`, `bangla`) VALUES ('648', 'select_id', 'Select ID', NULL);
INSERT INTO `language` (`id`, `phrase`, `english`, `bangla`) VALUES ('649', 'choose_transection', 'Choose Transection', NULL);
INSERT INTO `language` (`id`, `phrase`, `english`, `bangla`) VALUES ('650', 'update_transection', 'Update Transection', NULL);
INSERT INTO `language` (`id`, `phrase`, `english`, `bangla`) VALUES ('651', 'manufacturer_all', 'Manufacturer All', NULL);
INSERT INTO `language` (`id`, `phrase`, `english`, `bangla`) VALUES ('652', 'select_all', 'Select All', NULL);
INSERT INTO `language` (`id`, `phrase`, `english`, `bangla`) VALUES ('653', 'all', 'All', NULL);
INSERT INTO `language` (`id`, `phrase`, `english`, `bangla`) VALUES ('654', 'max_rate', 'Max Rate', NULL);
INSERT INTO `language` (`id`, `phrase`, `english`, `bangla`) VALUES ('655', 'min_rate', 'Min Rate', NULL);
INSERT INTO `language` (`id`, `phrase`, `english`, `bangla`) VALUES ('656', 'average_rate', 'Average Rate', NULL);
INSERT INTO `language` (`id`, `phrase`, `english`, `bangla`) VALUES ('657', 'date_expired_please_choose_another.', 'Date Expired!! Please Choose another', NULL);
INSERT INTO `language` (`id`, `phrase`, `english`, `bangla`) VALUES ('658', 'your_medicine_is_date_expiry_Please_choose_another', 'Your Medicine is Date Expiry !! Please Choose another', NULL);
INSERT INTO `language` (`id`, `phrase`, `english`, `bangla`) VALUES ('659', 'meno', 'MEMO', NULL);
INSERT INTO `language` (`id`, `phrase`, `english`, `bangla`) VALUES ('660', 'out_of_stock_and_date_expired_medicine', 'Out of Stock and Date Expired Medicine', NULL);
INSERT INTO `language` (`id`, `phrase`, `english`, `bangla`) VALUES ('661', 'edit_profile', 'Edit Profile', NULL);
INSERT INTO `language` (`id`, `phrase`, `english`, `bangla`) VALUES ('662', 'deposit_detail', 'Deposit detail', NULL);
INSERT INTO `language` (`id`, `phrase`, `english`, `bangla`) VALUES ('663', 'new_deposit', 'New Deposit', NULL);
INSERT INTO `language` (`id`, `phrase`, `english`, `bangla`) VALUES ('664', 'edit_deposit', 'Edit Deposit', NULL);
INSERT INTO `language` (`id`, `phrase`, `english`, `bangla`) VALUES ('665', 'select_customer', 'Select Customer', NULL);
INSERT INTO `language` (`id`, `phrase`, `english`, `bangla`) VALUES ('666', 'draw', 'Draw', NULL);
INSERT INTO `language` (`id`, `phrase`, `english`, `bangla`) VALUES ('667', 'deposit', 'Deposit', NULL);
INSERT INTO `language` (`id`, `phrase`, `english`, `bangla`) VALUES ('668', 'select_type', 'Select Type', NULL);
INSERT INTO `language` (`id`, `phrase`, `english`, `bangla`) VALUES ('669', 'transaction_type', 'Transaction Type', NULL);
INSERT INTO `language` (`id`, `phrase`, `english`, `bangla`) VALUES ('670', 'cash', 'Cash', NULL);
INSERT INTO `language` (`id`, `phrase`, `english`, `bangla`) VALUES ('671', 'select_bank', 'Select Bank', NULL);
INSERT INTO `language` (`id`, `phrase`, `english`, `bangla`) VALUES ('672', 'drawing', 'Drawing', NULL);
INSERT INTO `language` (`id`, `phrase`, `english`, `bangla`) VALUES ('673', 'expenses', 'Expenses', NULL);
INSERT INTO `language` (`id`, `phrase`, `english`, `bangla`) VALUES ('674', 'banking', 'Banking', NULL);
INSERT INTO `language` (`id`, `phrase`, `english`, `bangla`) VALUES ('675', 'daily_closing', 'Daily Closing', NULL);
INSERT INTO `language` (`id`, `phrase`, `english`, `bangla`) VALUES ('676', 'title', 'Title', NULL);
INSERT INTO `language` (`id`, `phrase`, `english`, `bangla`) VALUES ('677', 'error_get_data_from_ajax', 'Error get data from ajax', NULL);
INSERT INTO `language` (`id`, `phrase`, `english`, `bangla`) VALUES ('678', 'toggle_navigation', 'Toggle Navigation', NULL);
INSERT INTO `language` (`id`, `phrase`, `english`, `bangla`) VALUES ('679', 'this_product_not_found', 'This Product Not Found !', NULL);
INSERT INTO `language` (`id`, `phrase`, `english`, `bangla`) VALUES ('680', 'search_by_date_from', 'Search By Date: From', NULL);
INSERT INTO `language` (`id`, `phrase`, `english`, `bangla`) VALUES ('681', 'manufacturer_sales_report', 'Manufacturer Sales Report', NULL);
INSERT INTO `language` (`id`, `phrase`, `english`, `bangla`) VALUES ('682', 'transection', 'Transection', NULL);
INSERT INTO `language` (`id`, `phrase`, `english`, `bangla`) VALUES ('683', 'transection_mood', 'Transection Mood', NULL);
INSERT INTO `language` (`id`, `phrase`, `english`, `bangla`) VALUES ('684', 'transection_categry', 'Transection Categry', NULL);
INSERT INTO `language` (`id`, `phrase`, `english`, `bangla`) VALUES ('685', 'export_csv', 'ExportCSV ', NULL);
INSERT INTO `language` (`id`, `phrase`, `english`, `bangla`) VALUES ('686', 'select manufacturer', 'Select Manufacturer', NULL);
INSERT INTO `language` (`id`, `phrase`, `english`, `bangla`) VALUES ('687', 'customer_return', 'Customer Return', NULL);
INSERT INTO `language` (`id`, `phrase`, `english`, `bangla`) VALUES ('688', 'return_form', 'Return Form', NULL);
INSERT INTO `language` (`id`, `phrase`, `english`, `bangla`) VALUES ('689', 'data_not_found', 'Data Not Found', NULL);
INSERT INTO `language` (`id`, `phrase`, `english`, `bangla`) VALUES ('690', 'export_csv', 'Export CSV', NULL);
INSERT INTO `language` (`id`, `phrase`, `english`, `bangla`) VALUES ('691', 'manage_person', 'Manage Person', NULL);


#
# TABLE STRUCTURE FOR: manufacturer_information
#

DROP TABLE IF EXISTS `manufacturer_information`;

CREATE TABLE `manufacturer_information` (
  `manufacturer_id` varchar(100) NOT NULL,
  `manufacturer_name` varchar(255) NOT NULL,
  `address` varchar(255) NOT NULL,
  `mobile` varchar(100) NOT NULL,
  `details` varchar(255) NOT NULL,
  `status` int(2) NOT NULL,
  KEY `manufacturer_id` (`manufacturer_id`)
) ENGINE=MyISAM DEFAULT CHARSET=utf8;

INSERT INTO `manufacturer_information` (`manufacturer_id`, `manufacturer_name`, `address`, `mobile`, `details`, `status`) VALUES ('JPD4G6IQGTDHJ7UUZ9EI', 'Ibn Sina', '321dfsdf32', '54321', 'dfsdf', '1');
INSERT INTO `manufacturer_information` (`manufacturer_id`, `manufacturer_name`, `address`, `mobile`, `details`, `status`) VALUES ('JM5SO72C3WKCNR3UU1TI', 'Square Pharma', '234234', '234324234', '34ead', '1');


#
# TABLE STRUCTURE FOR: manufacturer_ledger
#

DROP TABLE IF EXISTS `manufacturer_ledger`;

CREATE TABLE `manufacturer_ledger` (
  `transaction_id` varchar(100) NOT NULL,
  `manufacturer_id` varchar(100) NOT NULL,
  `chalan_no` varchar(100) DEFAULT NULL,
  `deposit_no` varchar(50) DEFAULT NULL,
  `amount` float NOT NULL,
  `description` varchar(255) NOT NULL,
  `payment_type` varchar(255) NOT NULL,
  `cheque_no` varchar(255) NOT NULL,
  `date` varchar(50) NOT NULL,
  `status` int(2) NOT NULL,
  KEY `receipt_no` (`deposit_no`),
  KEY `receipt_no_2` (`deposit_no`),
  KEY `receipt_no_3` (`deposit_no`),
  KEY `receipt_no_4` (`deposit_no`)
) ENGINE=MyISAM DEFAULT CHARSET=utf8;

INSERT INTO `manufacturer_ledger` (`transaction_id`, `manufacturer_id`, `chalan_no`, `deposit_no`, `amount`, `description`, `payment_type`, `cheque_no`, `date`, `status`) VALUES ('20180830055654', 'JPD4G6IQGTDHJ7UUZ9EI', '12000', NULL, '4600', '', '', '', '2018-08-30', '1');
INSERT INTO `manufacturer_ledger` (`transaction_id`, `manufacturer_id`, `chalan_no`, `deposit_no`, `amount`, `description`, `payment_type`, `cheque_no`, `date`, `status`) VALUES ('20180830055654', 'JPD4G6IQGTDHJ7UUZ9EI', 'THBB1PA2TH', NULL, '-460', 'Return', '', '', '2018-08-30', '1');
INSERT INTO `manufacturer_ledger` (`transaction_id`, `manufacturer_id`, `chalan_no`, `deposit_no`, `amount`, `description`, `payment_type`, `cheque_no`, `date`, `status`) VALUES ('20180830060502', 'JPD4G6IQGTDHJ7UUZ9EI', '4523', NULL, '4500', 'sdfsf', '', '', '2018-08-30', '1');
INSERT INTO `manufacturer_ledger` (`transaction_id`, `manufacturer_id`, `chalan_no`, `deposit_no`, `amount`, `description`, `payment_type`, `cheque_no`, `date`, `status`) VALUES ('20180830060502', 'JPD4G6IQGTDHJ7UUZ9EI', '7KZGAIFKR5', NULL, '-1800', 'Return', '', '', '2018-08-30', '1');
INSERT INTO `manufacturer_ledger` (`transaction_id`, `manufacturer_id`, `chalan_no`, `deposit_no`, `amount`, `description`, `payment_type`, `cheque_no`, `date`, `status`) VALUES ('20180830110337', 'JM5SO72C3WKCNR3UU1TI', '53245', NULL, '2250', '', '', '', '2018-08-30', '1');
INSERT INTO `manufacturer_ledger` (`transaction_id`, `manufacturer_id`, `chalan_no`, `deposit_no`, `amount`, `description`, `payment_type`, `cheque_no`, `date`, `status`) VALUES ('20180830110815', 'JPD4G6IQGTDHJ7UUZ9EI', '443', NULL, '20000', '', '', '', '2018-08-30', '1');


#
# TABLE STRUCTURE FOR: manufacturer_product
#

DROP TABLE IF EXISTS `manufacturer_product`;

CREATE TABLE `manufacturer_product` (
  `manufacturer_pr_id` int(11) NOT NULL AUTO_INCREMENT,
  `product_id` varchar(30) NOT NULL,
  `products_model` varchar(50) NOT NULL,
  `manufacturer_id` varchar(30) NOT NULL,
  `manufacturer_price` float NOT NULL,
  PRIMARY KEY (`manufacturer_pr_id`)
) ENGINE=InnoDB AUTO_INCREMENT=5 DEFAULT CHARSET=latin1;

INSERT INTO `manufacturer_product` (`manufacturer_pr_id`, `product_id`, `products_model`, `manufacturer_id`, `manufacturer_price`) VALUES ('1', '45448121', 'Tablet/Pills', 'JPD4G6IQGTDHJ7UUZ9EI', '180');
INSERT INTO `manufacturer_product` (`manufacturer_pr_id`, `product_id`, `products_model`, `manufacturer_id`, `manufacturer_price`) VALUES ('2', '38477662', 'Syrup', 'JM5SO72C3WKCNR3UU1TI', '45');
INSERT INTO `manufacturer_product` (`manufacturer_pr_id`, `product_id`, `products_model`, `manufacturer_id`, `manufacturer_price`) VALUES ('3', '14462386', 'Tablet/Pills', 'JPD4G6IQGTDHJ7UUZ9EI', '140');
INSERT INTO `manufacturer_product` (`manufacturer_pr_id`, `product_id`, `products_model`, `manufacturer_id`, `manufacturer_price`) VALUES ('4', '72236475', 'Syrup', 'JPD4G6IQGTDHJ7UUZ9EI', '400');


#
# TABLE STRUCTURE FOR: module
#

DROP TABLE IF EXISTS `module`;

CREATE TABLE `module` (
  `id` int(11) NOT NULL AUTO_INCREMENT,
  `name` varchar(50) NOT NULL,
  `description` text,
  `image` varchar(255) NOT NULL,
  `directory` varchar(100) NOT NULL,
  `status` tinyint(1) NOT NULL DEFAULT '1',
  PRIMARY KEY (`id`)
) ENGINE=InnoDB AUTO_INCREMENT=20 DEFAULT CHARSET=utf8;

INSERT INTO `module` (`id`, `name`, `description`, `image`, `directory`, `status`) VALUES ('3', 'Invoice', 'Store Management System', 'application/modules/store/assets/images/thumbnail.jpg', 'invoice', '1');
INSERT INTO `module` (`id`, `name`, `description`, `image`, `directory`, `status`) VALUES ('4', 'Medicine Category', 'Medicine Category', 'application/modules/user_role/assets/images/thumbnail.jpg', 'medicine_category', '1');
INSERT INTO `module` (`id`, `name`, `description`, `image`, `directory`, `status`) VALUES ('5', 'Medicine', 'Medicine Management System.', 'application/modules/employee/assets/images/thumbnail.jpg', 'medicine', '1');
INSERT INTO `module` (`id`, `name`, `description`, `image`, `directory`, `status`) VALUES ('6', 'Customer', 'Customer Information', 'application/modules/customer/assets/images/thumbnail.jpg', 'customer', '1');
INSERT INTO `module` (`id`, `name`, `description`, `image`, `directory`, `status`) VALUES ('7', 'Manufacturer', 'Manufacturer', 'application/modules/product/assets/images/thumbnail.jpg', 'manufacturer', '1');
INSERT INTO `module` (`id`, `name`, `description`, `image`, `directory`, `status`) VALUES ('8', 'Purchase', 'Purchase', 'application/modules/category/assets/images/thumbnail.jpg', 'purchase', '1');
INSERT INTO `module` (`id`, `name`, `description`, `image`, `directory`, `status`) VALUES ('9', 'Return', 'Return', 'application/modules/supplier/assets/images/thumbnail.jpg', 'return', '1');
INSERT INTO `module` (`id`, `name`, `description`, `image`, `directory`, `status`) VALUES ('11', 'Accounts', 'Accounts', 'application/modules/warehouse/assets/images/thumbnail.jpg', 'accounts', '1');
INSERT INTO `module` (`id`, `name`, `description`, `image`, `directory`, `status`) VALUES ('12', 'Stock', 'Stock', 'application/modules/sale/assets/images/thumbnail.jpg', 'stock', '1');
INSERT INTO `module` (`id`, `name`, `description`, `image`, `directory`, `status`) VALUES ('13', 'Report', 'Report', 'application/modules/lease/assets/images/thumbnail.jpg', 'report', '1');
INSERT INTO `module` (`id`, `name`, `description`, `image`, `directory`, `status`) VALUES ('14', 'Bank', 'Bank', 'application/modules/payment/assets/images/thumbnail.jpg', 'bank', '1');
INSERT INTO `module` (`id`, `name`, `description`, `image`, `directory`, `status`) VALUES ('15', 'Office Loan', 'Office Loan', 'application/modules/stockmovment/assets/images/thumbnail.jpg', 'office_loan', '1');
INSERT INTO `module` (`id`, `name`, `description`, `image`, `directory`, `status`) VALUES ('16', 'Personal Loan', 'Personal Loan', 'application/modules/store/assets/images/thumbnail.jpg', 'personal_loan', '1');
INSERT INTO `module` (`id`, `name`, `description`, `image`, `directory`, `status`) VALUES ('17', 'Data Synchronizer', 'Data Synchronizer', 'application/modules/store/assets/images/thumbnail.jpg', 'data_Synchronizer', '1');
INSERT INTO `module` (`id`, `name`, `description`, `image`, `directory`, `status`) VALUES ('18', 'Software Settings', 'Software Settings', 'application/modules/store/assets/images/thumbnail.jpg', 'software_settings', '1');
INSERT INTO `module` (`id`, `name`, `description`, `image`, `directory`, `status`) VALUES ('19', 'Permission', 'Permission', 'application/modules/store/assets/images/thumbnail.jpg', 'permission', '1');


#
# TABLE STRUCTURE FOR: payment_method
#

DROP TABLE IF EXISTS `payment_method`;

CREATE TABLE `payment_method` (
  `id` int(11) NOT NULL AUTO_INCREMENT,
  `payment_type` varchar(250) DEFAULT NULL,
  `card_no` varchar(250) DEFAULT NULL,
  `bank_name` varchar(100) DEFAULT NULL,
  `price` float DEFAULT NULL,
  PRIMARY KEY (`id`)
) ENGINE=InnoDB DEFAULT CHARSET=utf8;

#
# TABLE STRUCTURE FOR: person_information
#

DROP TABLE IF EXISTS `person_information`;

CREATE TABLE `person_information` (
  `person_id` varchar(50) NOT NULL,
  `person_name` varchar(50) NOT NULL,
  `person_phone` varchar(50) NOT NULL,
  `person_address` text NOT NULL,
  `status` int(11) NOT NULL,
  PRIMARY KEY (`person_id`)
) ENGINE=InnoDB DEFAULT CHARSET=utf8;

#
# TABLE STRUCTURE FOR: person_ledger
#

DROP TABLE IF EXISTS `person_ledger`;

CREATE TABLE `person_ledger` (
  `transaction_id` varchar(50) NOT NULL,
  `person_id` varchar(50) NOT NULL,
  `date` varchar(50) NOT NULL,
  `debit` float NOT NULL,
  `credit` float NOT NULL,
  `details` text NOT NULL,
  `status` int(11) NOT NULL COMMENT '1=no paid,2=paid',
  `id` int(11) NOT NULL
) ENGINE=InnoDB DEFAULT CHARSET=utf8;

#
# TABLE STRUCTURE FOR: personal_loan
#

DROP TABLE IF EXISTS `personal_loan`;

CREATE TABLE `personal_loan` (
  `per_loan_id` int(11) NOT NULL AUTO_INCREMENT,
  `transaction_id` varchar(30) NOT NULL,
  `person_id` varchar(30) NOT NULL,
  `debit` varchar(20) NOT NULL,
  `credit` float NOT NULL,
  `date` varchar(30) NOT NULL,
  `details` varchar(100) NOT NULL,
  `status` int(11) NOT NULL COMMENT '1=no paid,2=paid',
  PRIMARY KEY (`per_loan_id`)
) ENGINE=InnoDB DEFAULT CHARSET=utf8;

#
# TABLE STRUCTURE FOR: pesonal_loan_information
#

DROP TABLE IF EXISTS `pesonal_loan_information`;

CREATE TABLE `pesonal_loan_information` (
  `person_id` varchar(50) NOT NULL,
  `person_name` varchar(50) NOT NULL,
  `person_phone` varchar(30) NOT NULL,
  `person_address` text NOT NULL,
  `status` int(11) NOT NULL
) ENGINE=InnoDB DEFAULT CHARSET=utf8;

#
# TABLE STRUCTURE FOR: product_category
#

DROP TABLE IF EXISTS `product_category`;

CREATE TABLE `product_category` (
  `id` int(11) NOT NULL AUTO_INCREMENT,
  `category_id` varchar(255) DEFAULT NULL,
  `category_name` varchar(255) DEFAULT NULL,
  `status` int(11) NOT NULL,
  PRIMARY KEY (`id`)
) ENGINE=InnoDB AUTO_INCREMENT=3 DEFAULT CHARSET=utf8;

INSERT INTO `product_category` (`id`, `category_id`, `category_name`, `status`) VALUES ('1', '4RYOR1LLYT4XWGW', 'General Medication', '1');
INSERT INTO `product_category` (`id`, `category_id`, `category_name`, `status`) VALUES ('2', 'HVDJ4KN1EKEP325', 'Oncology', '1');


#
# TABLE STRUCTURE FOR: product_information
#

DROP TABLE IF EXISTS `product_information`;

CREATE TABLE `product_information` (
  `product_id` varchar(50) NOT NULL,
  `category_id` varchar(50) NOT NULL,
  `product_name` varchar(50) NOT NULL,
  `generic_name` varchar(50) NOT NULL,
  `box_size` varchar(30) NOT NULL,
  `product_location` varchar(50) NOT NULL,
  `price` varchar(20) NOT NULL,
  `tax` varchar(20) DEFAULT NULL,
  `product_model` varchar(50) NOT NULL,
  `unit` varchar(50) DEFAULT NULL,
  `product_details` varchar(250) DEFAULT NULL,
  `image` text NOT NULL,
  `status` int(11) NOT NULL,
  PRIMARY KEY (`product_id`)
) ENGINE=InnoDB DEFAULT CHARSET=latin1;

INSERT INTO `product_information` (`product_id`, `category_id`, `product_name`, `generic_name`, `box_size`, `product_location`, `price`, `tax`, `product_model`, `unit`, `product_details`, `image`, `status`) VALUES ('14462386', '4RYOR1LLYT4XWGW', 'Filmet', 'Metronedazol', '1', 'F', '150', '0', 'Tablet/Pills', 'Box', '', 'http://soft12.bdtask.com/pharmacy/pharmacare-v8.1/my-assets/image/product.png', '1');
INSERT INTO `product_information` (`product_id`, `category_id`, `product_name`, `generic_name`, `box_size`, `product_location`, `price`, `tax`, `product_model`, `unit`, `product_details`, `image`, `status`) VALUES ('38477662', '4RYOR1LLYT4XWGW', 'Antacid', 'Gastric', '1', 'A', '55', '0', 'Syrup', 'pc', '', 'http://soft12.bdtask.com/pharmacy/pharmacare-v8.1/my-assets/image/product.png', '1');
INSERT INTO `product_information` (`product_id`, `category_id`, `product_name`, `generic_name`, `box_size`, `product_location`, `price`, `tax`, `product_model`, `unit`, `product_details`, `image`, `status`) VALUES ('45448121', '4RYOR1LLYT4XWGW', 'Napa', 'Paracetamol', '10', 'N', '200', '0', 'Tablet/Pills', 'Box', 'dfdsfdf', 'http://soft12.bdtask.com/pharmacy/pharmacare-v8.1/my-assets/image/product.png', '1');
INSERT INTO `product_information` (`product_id`, `category_id`, `product_name`, `generic_name`, `box_size`, `product_location`, `price`, `tax`, `product_model`, `unit`, `product_details`, `image`, `status`) VALUES ('72236475', '4RYOR1LLYT4XWGW', 'lurax', 'pharma', '45', 'Top Shelf', '500', '0', 'Syrup', 'm', '', 'http://soft12.bdtask.com/pharmacy/pharmacare-v8.1/my-assets/image/product.png', '1');


#
# TABLE STRUCTURE FOR: product_manufacturer
#

DROP TABLE IF EXISTS `product_manufacturer`;

CREATE ALGORITHM=UNDEFINED DEFINER=`root`@`localhost` SQL SECURITY DEFINER VIEW `product_manufacturer` AS select `b`.`product_id` AS `product_id`,`c`.`product_name` AS `product_name`,`c`.`product_model` AS `product_model`,`a`.`manufacturer_id` AS `manufacturer_id` from ((`product_purchase` `a` join `product_purchase_details` `b`) join `product_information` `c`) where ((`a`.`purchase_id` = `b`.`purchase_id`) and (convert(`c`.`product_id` using utf8) = `b`.`product_id`)) group by `b`.`product_id`;

utf8mb4_unicode_ci;

INSERT INTO `product_manufacturer` (`product_id`, `product_name`, `product_model`, `manufacturer_id`) VALUES ('14462386', 'Filmet', 'Tablet/Pills', 'JPD4G6IQGTDHJ7UUZ9EI');
INSERT INTO `product_manufacturer` (`product_id`, `product_name`, `product_model`, `manufacturer_id`) VALUES ('38477662', 'Antacid', 'Syrup', 'JM5SO72C3WKCNR3UU1TI');
INSERT INTO `product_manufacturer` (`product_id`, `product_name`, `product_model`, `manufacturer_id`) VALUES ('45448121', 'Napa', 'Tablet/Pills', 'JPD4G6IQGTDHJ7UUZ9EI');
INSERT INTO `product_manufacturer` (`product_id`, `product_name`, `product_model`, `manufacturer_id`) VALUES ('72236475', 'lurax', 'Syrup', 'JPD4G6IQGTDHJ7UUZ9EI');


#
# TABLE STRUCTURE FOR: product_purchase
#

DROP TABLE IF EXISTS `product_purchase`;

CREATE TABLE `product_purchase` (
  `purchase_id` varchar(100) NOT NULL,
  `chalan_no` varchar(100) NOT NULL,
  `manufacturer_id` varchar(100) NOT NULL,
  `grand_total_amount` float NOT NULL,
  `total_discount` float DEFAULT NULL,
  `purchase_date` varchar(50) NOT NULL,
  `purchase_details` text NOT NULL,
  `status` int(2) NOT NULL,
  PRIMARY KEY (`purchase_id`)
) ENGINE=MyISAM DEFAULT CHARSET=utf8;

INSERT INTO `product_purchase` (`purchase_id`, `chalan_no`, `manufacturer_id`, `grand_total_amount`, `total_discount`, `purchase_date`, `purchase_details`, `status`) VALUES ('20180830055654', '12000', 'JPD4G6IQGTDHJ7UUZ9EI', '4600', NULL, '2018-08-30', '', '1');
INSERT INTO `product_purchase` (`purchase_id`, `chalan_no`, `manufacturer_id`, `grand_total_amount`, `total_discount`, `purchase_date`, `purchase_details`, `status`) VALUES ('20180830060502', '4523', 'JPD4G6IQGTDHJ7UUZ9EI', '4500', NULL, '2018-08-30', 'sdfsf', '1');
INSERT INTO `product_purchase` (`purchase_id`, `chalan_no`, `manufacturer_id`, `grand_total_amount`, `total_discount`, `purchase_date`, `purchase_details`, `status`) VALUES ('20180830110337', '53245', 'JM5SO72C3WKCNR3UU1TI', '2250', NULL, '2018-08-30', '', '1');
INSERT INTO `product_purchase` (`purchase_id`, `chalan_no`, `manufacturer_id`, `grand_total_amount`, `total_discount`, `purchase_date`, `purchase_details`, `status`) VALUES ('20180830110815', '443', 'JPD4G6IQGTDHJ7UUZ9EI', '20000', NULL, '2018-08-30', '', '1');


#
# TABLE STRUCTURE FOR: product_purchase_details
#

DROP TABLE IF EXISTS `product_purchase_details`;

CREATE TABLE `product_purchase_details` (
  `purchase_detail_id` varchar(100) NOT NULL,
  `purchase_id` varchar(100) NOT NULL,
  `product_id` varchar(100) NOT NULL,
  `quantity` float NOT NULL,
  `rate` float NOT NULL,
  `total_amount` float NOT NULL,
  `discount` float DEFAULT NULL,
  `batch_id` varchar(25) NOT NULL,
  `expeire_date` varchar(30) NOT NULL,
  `status` int(11) NOT NULL,
  `id` int(11) NOT NULL AUTO_INCREMENT,
  PRIMARY KEY (`id`)
) ENGINE=MyISAM AUTO_INCREMENT=9 DEFAULT CHARSET=utf8;

INSERT INTO `product_purchase_details` (`purchase_detail_id`, `purchase_id`, `product_id`, `quantity`, `rate`, `total_amount`, `discount`, `batch_id`, `expeire_date`, `status`, `id`) VALUES ('yCLIq1ipshWMsSj', '20180830055654', '14462386', '20', '140', '2800', NULL, '120', '2019-02-28', '1', '1');
INSERT INTO `product_purchase_details` (`purchase_detail_id`, `purchase_id`, `product_id`, `quantity`, `rate`, `total_amount`, `discount`, `batch_id`, `expeire_date`, `status`, `id`) VALUES ('vJX7JuOFaEJRdzQ', '20180830055654', '45448121', '10', '180', '1800', NULL, '111', '2019-05-31', '1', '2');
INSERT INTO `product_purchase_details` (`purchase_detail_id`, `purchase_id`, `product_id`, `quantity`, `rate`, `total_amount`, `discount`, `batch_id`, `expeire_date`, `status`, `id`) VALUES ('529142232294486', '20180830055654', '14462386', '-2', '140', '-280', '0', '120', '2019-02-28', '1', '3');
INSERT INTO `product_purchase_details` (`purchase_detail_id`, `purchase_id`, `product_id`, `quantity`, `rate`, `total_amount`, `discount`, `batch_id`, `expeire_date`, `status`, `id`) VALUES ('353112632359385', '20180830055654', '45448121', '-1', '180', '-180', '0', '111', '2019-05-31', '1', '4');
INSERT INTO `product_purchase_details` (`purchase_detail_id`, `purchase_id`, `product_id`, `quantity`, `rate`, `total_amount`, `discount`, `batch_id`, `expeire_date`, `status`, `id`) VALUES ('5eKQ3sgd9Jqtj6J', '20180830060502', '45448121', '25', '180', '4500', NULL, '200', '2019-06-30', '1', '5');
INSERT INTO `product_purchase_details` (`purchase_detail_id`, `purchase_id`, `product_id`, `quantity`, `rate`, `total_amount`, `discount`, `batch_id`, `expeire_date`, `status`, `id`) VALUES ('215359278494623', '20180830060502', '45448121', '-10', '180', '-1800', '0', '200', '2019-06-30', '1', '6');
INSERT INTO `product_purchase_details` (`purchase_detail_id`, `purchase_id`, `product_id`, `quantity`, `rate`, `total_amount`, `discount`, `batch_id`, `expeire_date`, `status`, `id`) VALUES ('v23HhH3beI7rMM2', '20180830110337', '38477662', '50', '45', '2250', NULL, '4332', '2018-08-31', '1', '7');
INSERT INTO `product_purchase_details` (`purchase_detail_id`, `purchase_id`, `product_id`, `quantity`, `rate`, `total_amount`, `discount`, `batch_id`, `expeire_date`, `status`, `id`) VALUES ('Jd8lyvdiC7qaKUi', '20180830110815', '72236475', '50', '400', '20000', NULL, '4433', '2018-08-31', '1', '8');


#
# TABLE STRUCTURE FOR: product_report
#

DROP TABLE IF EXISTS `product_report`;

CREATE ALGORITHM=UNDEFINED DEFINER=`root`@`localhost` SQL SECURITY DEFINER VIEW `product_report` AS select `purchase_report`.`purchase_date` AS `date`,`purchase_report`.`product_id` AS `product_id`,`purchase_report`.`quantity` AS `quantity`,`purchase_report`.`rate` AS `rate`,`purchase_report`.`total_amount` AS `total_amount`,'a' AS `account` from `purchase_report` union all select `sales_report`.`date` AS `date`,`sales_report`.`product_id` AS `product_id`,-(`sales_report`.`quantity`) AS `-quantity`,`sales_report`.`manufacturer_rate` AS `rate`,(`sales_report`.`quantity` * `sales_report`.`manufacturer_rate`) AS `total_amount`,'b' AS `account` from `sales_report`;

utf8mb4_unicode_ci;

INSERT INTO `product_report` (`date`, `product_id`, `quantity`, `rate`, `total_amount`, `account`) VALUES ('2018-08-30', '14462386', '20', '140', '2800', 'a');
INSERT INTO `product_report` (`date`, `product_id`, `quantity`, `rate`, `total_amount`, `account`) VALUES ('2018-08-30', '45448121', '10', '180', '1800', 'a');
INSERT INTO `product_report` (`date`, `product_id`, `quantity`, `rate`, `total_amount`, `account`) VALUES ('2018-08-30', '14462386', '-2', '140', '-280', 'a');
INSERT INTO `product_report` (`date`, `product_id`, `quantity`, `rate`, `total_amount`, `account`) VALUES ('2018-08-30', '45448121', '-1', '180', '-180', 'a');
INSERT INTO `product_report` (`date`, `product_id`, `quantity`, `rate`, `total_amount`, `account`) VALUES ('2018-08-30', '45448121', '25', '180', '4500', 'a');
INSERT INTO `product_report` (`date`, `product_id`, `quantity`, `rate`, `total_amount`, `account`) VALUES ('2018-08-30', '45448121', '-10', '180', '-1800', 'a');
INSERT INTO `product_report` (`date`, `product_id`, `quantity`, `rate`, `total_amount`, `account`) VALUES ('2018-08-30', '38477662', '50', '45', '2250', 'a');
INSERT INTO `product_report` (`date`, `product_id`, `quantity`, `rate`, `total_amount`, `account`) VALUES ('2018-08-30', '72236475', '50', '400', '20000', 'a');
INSERT INTO `product_report` (`date`, `product_id`, `quantity`, `rate`, `total_amount`, `account`) VALUES ('2018-08-30', '45448121', '-2', '180', '360', 'b');
INSERT INTO `product_report` (`date`, `product_id`, `quantity`, `rate`, `total_amount`, `account`) VALUES ('2018-08-30', '14462386', '-2', '140', '280', 'b');
INSERT INTO `product_report` (`date`, `product_id`, `quantity`, `rate`, `total_amount`, `account`) VALUES ('2018-08-30', '14462386', '1', NULL, NULL, 'b');
INSERT INTO `product_report` (`date`, `product_id`, `quantity`, `rate`, `total_amount`, `account`) VALUES ('2018-08-30', '45448121', '-5', NULL, NULL, 'b');
INSERT INTO `product_report` (`date`, `product_id`, `quantity`, `rate`, `total_amount`, `account`) VALUES ('2018-08-30', '14462386', '-10', NULL, NULL, 'b');
INSERT INTO `product_report` (`date`, `product_id`, `quantity`, `rate`, `total_amount`, `account`) VALUES ('2018-08-30', '72236475', '-10', '400', '4000', 'b');
INSERT INTO `product_report` (`date`, `product_id`, `quantity`, `rate`, `total_amount`, `account`) VALUES ('2018-08-30', '72236475', '1', NULL, NULL, 'b');
INSERT INTO `product_report` (`date`, `product_id`, `quantity`, `rate`, `total_amount`, `account`) VALUES ('2018-08-30', '72236475', '5', NULL, NULL, 'b');
INSERT INTO `product_report` (`date`, `product_id`, `quantity`, `rate`, `total_amount`, `account`) VALUES ('2018-08-30', '72236475', '3', NULL, NULL, 'b');


#
# TABLE STRUCTURE FOR: product_return
#

DROP TABLE IF EXISTS `product_return`;

CREATE TABLE `product_return` (
  `return_id` varchar(30) NOT NULL,
  `product_id` varchar(20) NOT NULL,
  `invoice_id` varchar(20) NOT NULL,
  `purchase_id` varchar(30) DEFAULT NULL,
  `date_purchase` varchar(20) NOT NULL,
  `date_return` varchar(30) NOT NULL,
  `byy_qty` float NOT NULL,
  `ret_qty` float NOT NULL,
  `customer_id` varchar(20) NOT NULL,
  `manufacturer_id` varchar(30) NOT NULL,
  `product_rate` float NOT NULL,
  `deduction` float NOT NULL,
  `total_deduct` float NOT NULL,
  `total_tax` float NOT NULL,
  `total_ret_amount` float NOT NULL,
  `net_total_amount` float NOT NULL,
  `reason` text NOT NULL,
  `usablity` int(5) NOT NULL
) ENGINE=InnoDB DEFAULT CHARSET=latin1;

INSERT INTO `product_return` (`return_id`, `product_id`, `invoice_id`, `purchase_id`, `date_purchase`, `date_return`, `byy_qty`, `ret_qty`, `customer_id`, `manufacturer_id`, `product_rate`, `deduction`, `total_deduct`, `total_tax`, `total_ret_amount`, `net_total_amount`, `reason`, `usablity`) VALUES ('678685216371356', '14462386', '', '20180830055654', '2018-08-30', '2018-08-30', '20', '2', '', 'JPD4G6IQGTDHJ7UUZ9EI', '140', '0', '0', '0', '280', '460', '', '2');
INSERT INTO `product_return` (`return_id`, `product_id`, `invoice_id`, `purchase_id`, `date_purchase`, `date_return`, `byy_qty`, `ret_qty`, `customer_id`, `manufacturer_id`, `product_rate`, `deduction`, `total_deduct`, `total_tax`, `total_ret_amount`, `net_total_amount`, `reason`, `usablity`) VALUES ('678685216371356', '45448121', '', '20180830055654', '2018-08-30', '2018-08-30', '10', '1', '', 'JPD4G6IQGTDHJ7UUZ9EI', '180', '0', '0', '0', '180', '460', '', '2');
INSERT INTO `product_return` (`return_id`, `product_id`, `invoice_id`, `purchase_id`, `date_purchase`, `date_return`, `byy_qty`, `ret_qty`, `customer_id`, `manufacturer_id`, `product_rate`, `deduction`, `total_deduct`, `total_tax`, `total_ret_amount`, `net_total_amount`, `reason`, `usablity`) VALUES ('323979996298334', '45448121', '', '20180830060502', '2018-08-30', '2018-08-30', '25', '10', '', 'JPD4G6IQGTDHJ7UUZ9EI', '180', '0', '0', '0', '1800', '1800', '', '2');
INSERT INTO `product_return` (`return_id`, `product_id`, `invoice_id`, `purchase_id`, `date_purchase`, `date_return`, `byy_qty`, `ret_qty`, `customer_id`, `manufacturer_id`, `product_rate`, `deduction`, `total_deduct`, `total_tax`, `total_ret_amount`, `net_total_amount`, `reason`, `usablity`) VALUES ('737124859344897', '14462386', '2725916364', NULL, '2018-08-30', '2018-08-30', '5', '1', 'FOAMI9S7EC4GWE1', '', '150', '0', '0', '0', '150', '150', '', '1');
INSERT INTO `product_return` (`return_id`, `product_id`, `invoice_id`, `purchase_id`, `date_purchase`, `date_return`, `byy_qty`, `ret_qty`, `customer_id`, `manufacturer_id`, `product_rate`, `deduction`, `total_deduct`, `total_tax`, `total_ret_amount`, `net_total_amount`, `reason`, `usablity`) VALUES ('921234664829444', '72236475', '4715649262', NULL, '2018-08-30', '2018-08-30', '10', '1', '442GD4V37BMN8TA', '', '500', '50', '50', '0', '500', '450', '', '1');
INSERT INTO `product_return` (`return_id`, `product_id`, `invoice_id`, `purchase_id`, `date_purchase`, `date_return`, `byy_qty`, `ret_qty`, `customer_id`, `manufacturer_id`, `product_rate`, `deduction`, `total_deduct`, `total_tax`, `total_ret_amount`, `net_total_amount`, `reason`, `usablity`) VALUES ('828179185687424', '72236475', '4715649262', NULL, '2018-08-30', '2018-08-30', '9', '5', '442GD4V37BMN8TA', '', '500', '0', '0', '0', '2500', '2500', '', '1');
INSERT INTO `product_return` (`return_id`, `product_id`, `invoice_id`, `purchase_id`, `date_purchase`, `date_return`, `byy_qty`, `ret_qty`, `customer_id`, `manufacturer_id`, `product_rate`, `deduction`, `total_deduct`, `total_tax`, `total_ret_amount`, `net_total_amount`, `reason`, `usablity`) VALUES ('588748154267265', '72236475', '4715649262', NULL, '2018-08-30', '2018-08-30', '4', '3', '442GD4V37BMN8TA', '', '500', '0', '0', '0', '1500', '1500', '', '1');


#
# TABLE STRUCTURE FOR: product_type
#

DROP TABLE IF EXISTS `product_type`;

CREATE TABLE `product_type` (
  `id` int(11) NOT NULL AUTO_INCREMENT,
  `type_id` varchar(255) DEFAULT NULL,
  `type_name` varchar(255) DEFAULT NULL,
  `status` int(11) NOT NULL,
  PRIMARY KEY (`id`)
) ENGINE=InnoDB AUTO_INCREMENT=3 DEFAULT CHARSET=utf8;

INSERT INTO `product_type` (`id`, `type_id`, `type_name`, `status`) VALUES ('1', '65UYHHE5Z4RB7K7', 'Tablet/Pills', '1');
INSERT INTO `product_type` (`id`, `type_id`, `type_name`, `status`) VALUES ('2', 'AQ69RBPK1J845Y9', 'Syrup', '1');


#
# TABLE STRUCTURE FOR: purchase_report
#

DROP TABLE IF EXISTS `purchase_report`;

CREATE ALGORITHM=UNDEFINED DEFINER=`root`@`localhost` SQL SECURITY DEFINER VIEW `purchase_report` AS select `product_purchase`.`purchase_date` AS `purchase_date`,`product_purchase`.`chalan_no` AS `chalan_no`,`product_purchase`.`manufacturer_id` AS `manufacturer_id`,`product_purchase_details`.`purchase_detail_id` AS `purchase_detail_id`,`product_purchase_details`.`purchase_id` AS `purchase_id`,`product_purchase_details`.`product_id` AS `product_id`,`product_purchase_details`.`quantity` AS `quantity`,`product_purchase_details`.`rate` AS `rate`,`product_purchase_details`.`total_amount` AS `total_amount`,`product_purchase_details`.`status` AS `status` from (`product_purchase_details` left join `product_purchase` on((`product_purchase_details`.`purchase_id` = `product_purchase`.`purchase_id`)));

utf8mb4_unicode_ci;

INSERT INTO `purchase_report` (`purchase_date`, `chalan_no`, `manufacturer_id`, `purchase_detail_id`, `purchase_id`, `product_id`, `quantity`, `rate`, `total_amount`, `status`) VALUES ('2018-08-30', '12000', 'JPD4G6IQGTDHJ7UUZ9EI', 'yCLIq1ipshWMsSj', '20180830055654', '14462386', '20', '140', '2800', '1');
INSERT INTO `purchase_report` (`purchase_date`, `chalan_no`, `manufacturer_id`, `purchase_detail_id`, `purchase_id`, `product_id`, `quantity`, `rate`, `total_amount`, `status`) VALUES ('2018-08-30', '12000', 'JPD4G6IQGTDHJ7UUZ9EI', 'vJX7JuOFaEJRdzQ', '20180830055654', '45448121', '10', '180', '1800', '1');
INSERT INTO `purchase_report` (`purchase_date`, `chalan_no`, `manufacturer_id`, `purchase_detail_id`, `purchase_id`, `product_id`, `quantity`, `rate`, `total_amount`, `status`) VALUES ('2018-08-30', '12000', 'JPD4G6IQGTDHJ7UUZ9EI', '529142232294486', '20180830055654', '14462386', '-2', '140', '-280', '1');
INSERT INTO `purchase_report` (`purchase_date`, `chalan_no`, `manufacturer_id`, `purchase_detail_id`, `purchase_id`, `product_id`, `quantity`, `rate`, `total_amount`, `status`) VALUES ('2018-08-30', '12000', 'JPD4G6IQGTDHJ7UUZ9EI', '353112632359385', '20180830055654', '45448121', '-1', '180', '-180', '1');
INSERT INTO `purchase_report` (`purchase_date`, `chalan_no`, `manufacturer_id`, `purchase_detail_id`, `purchase_id`, `product_id`, `quantity`, `rate`, `total_amount`, `status`) VALUES ('2018-08-30', '4523', 'JPD4G6IQGTDHJ7UUZ9EI', '5eKQ3sgd9Jqtj6J', '20180830060502', '45448121', '25', '180', '4500', '1');
INSERT INTO `purchase_report` (`purchase_date`, `chalan_no`, `manufacturer_id`, `purchase_detail_id`, `purchase_id`, `product_id`, `quantity`, `rate`, `total_amount`, `status`) VALUES ('2018-08-30', '4523', 'JPD4G6IQGTDHJ7UUZ9EI', '215359278494623', '20180830060502', '45448121', '-10', '180', '-1800', '1');
INSERT INTO `purchase_report` (`purchase_date`, `chalan_no`, `manufacturer_id`, `purchase_detail_id`, `purchase_id`, `product_id`, `quantity`, `rate`, `total_amount`, `status`) VALUES ('2018-08-30', '53245', 'JM5SO72C3WKCNR3UU1TI', 'v23HhH3beI7rMM2', '20180830110337', '38477662', '50', '45', '2250', '1');
INSERT INTO `purchase_report` (`purchase_date`, `chalan_no`, `manufacturer_id`, `purchase_detail_id`, `purchase_id`, `product_id`, `quantity`, `rate`, `total_amount`, `status`) VALUES ('2018-08-30', '443', 'JPD4G6IQGTDHJ7UUZ9EI', 'Jd8lyvdiC7qaKUi', '20180830110815', '72236475', '50', '400', '20000', '1');


#
# TABLE STRUCTURE FOR: role_permission
#

DROP TABLE IF EXISTS `role_permission`;

CREATE TABLE `role_permission` (
  `id` int(11) NOT NULL AUTO_INCREMENT,
  `fk_module_id` int(11) NOT NULL,
  `role_id` int(11) NOT NULL,
  `create` tinyint(1) DEFAULT NULL,
  `read` tinyint(1) DEFAULT NULL,
  `update` tinyint(1) DEFAULT NULL,
  `delete` tinyint(1) DEFAULT NULL,
  PRIMARY KEY (`id`),
  KEY `fk_module_id` (`fk_module_id`),
  KEY `fk_user_id` (`role_id`)
) ENGINE=InnoDB AUTO_INCREMENT=253 DEFAULT CHARSET=utf8;

INSERT INTO `role_permission` (`id`, `fk_module_id`, `role_id`, `create`, `read`, `update`, `delete`) VALUES ('64', '3', '23', '1', '1', '1', '1');
INSERT INTO `role_permission` (`id`, `fk_module_id`, `role_id`, `create`, `read`, `update`, `delete`) VALUES ('65', '4', '23', '1', '1', '1', '1');
INSERT INTO `role_permission` (`id`, `fk_module_id`, `role_id`, `create`, `read`, `update`, `delete`) VALUES ('66', '5', '23', '1', '1', '1', '1');
INSERT INTO `role_permission` (`id`, `fk_module_id`, `role_id`, `create`, `read`, `update`, `delete`) VALUES ('67', '6', '23', '1', '1', '1', '1');
INSERT INTO `role_permission` (`id`, `fk_module_id`, `role_id`, `create`, `read`, `update`, `delete`) VALUES ('68', '7', '23', '1', '1', '1', '1');
INSERT INTO `role_permission` (`id`, `fk_module_id`, `role_id`, `create`, `read`, `update`, `delete`) VALUES ('69', '8', '23', '1', '1', '1', '1');
INSERT INTO `role_permission` (`id`, `fk_module_id`, `role_id`, `create`, `read`, `update`, `delete`) VALUES ('70', '9', '23', '1', '1', '1', '1');
INSERT INTO `role_permission` (`id`, `fk_module_id`, `role_id`, `create`, `read`, `update`, `delete`) VALUES ('71', '10', '23', '1', '1', '1', '1');
INSERT INTO `role_permission` (`id`, `fk_module_id`, `role_id`, `create`, `read`, `update`, `delete`) VALUES ('72', '11', '23', '1', '1', '1', '1');
INSERT INTO `role_permission` (`id`, `fk_module_id`, `role_id`, `create`, `read`, `update`, `delete`) VALUES ('73', '12', '23', '1', '1', '1', '1');
INSERT INTO `role_permission` (`id`, `fk_module_id`, `role_id`, `create`, `read`, `update`, `delete`) VALUES ('74', '13', '23', '1', '1', '1', '1');
INSERT INTO `role_permission` (`id`, `fk_module_id`, `role_id`, `create`, `read`, `update`, `delete`) VALUES ('75', '14', '23', '1', '1', '1', '1');
INSERT INTO `role_permission` (`id`, `fk_module_id`, `role_id`, `create`, `read`, `update`, `delete`) VALUES ('76', '15', '23', '1', '1', '1', '1');
INSERT INTO `role_permission` (`id`, `fk_module_id`, `role_id`, `create`, `read`, `update`, `delete`) VALUES ('77', '16', '23', '1', '1', '1', '1');
INSERT INTO `role_permission` (`id`, `fk_module_id`, `role_id`, `create`, `read`, `update`, `delete`) VALUES ('78', '17', '23', '1', '1', '1', '1');
INSERT INTO `role_permission` (`id`, `fk_module_id`, `role_id`, `create`, `read`, `update`, `delete`) VALUES ('79', '18', '23', '1', '1', '1', '1');
INSERT INTO `role_permission` (`id`, `fk_module_id`, `role_id`, `create`, `read`, `update`, `delete`) VALUES ('80', '19', '23', '1', '1', '1', '1');
INSERT INTO `role_permission` (`id`, `fk_module_id`, `role_id`, `create`, `read`, `update`, `delete`) VALUES ('81', '20', '23', '1', '1', '1', '1');
INSERT INTO `role_permission` (`id`, `fk_module_id`, `role_id`, `create`, `read`, `update`, `delete`) VALUES ('82', '21', '23', '1', '1', '1', '1');
INSERT INTO `role_permission` (`id`, `fk_module_id`, `role_id`, `create`, `read`, `update`, `delete`) VALUES ('83', '22', '23', '1', '1', '1', '1');
INSERT INTO `role_permission` (`id`, `fk_module_id`, `role_id`, `create`, `read`, `update`, `delete`) VALUES ('84', '23', '23', '1', '1', '1', '1');
INSERT INTO `role_permission` (`id`, `fk_module_id`, `role_id`, `create`, `read`, `update`, `delete`) VALUES ('85', '65', '23', '1', '1', '1', '1');
INSERT INTO `role_permission` (`id`, `fk_module_id`, `role_id`, `create`, `read`, `update`, `delete`) VALUES ('86', '24', '23', '1', '1', '1', '1');
INSERT INTO `role_permission` (`id`, `fk_module_id`, `role_id`, `create`, `read`, `update`, `delete`) VALUES ('87', '25', '23', '1', '1', '1', '1');
INSERT INTO `role_permission` (`id`, `fk_module_id`, `role_id`, `create`, `read`, `update`, `delete`) VALUES ('88', '26', '23', '1', '1', '1', '1');
INSERT INTO `role_permission` (`id`, `fk_module_id`, `role_id`, `create`, `read`, `update`, `delete`) VALUES ('89', '27', '23', '1', '1', '1', '1');
INSERT INTO `role_permission` (`id`, `fk_module_id`, `role_id`, `create`, `read`, `update`, `delete`) VALUES ('90', '28', '23', '1', '1', '1', '1');
INSERT INTO `role_permission` (`id`, `fk_module_id`, `role_id`, `create`, `read`, `update`, `delete`) VALUES ('91', '29', '23', '1', '1', '1', '1');
INSERT INTO `role_permission` (`id`, `fk_module_id`, `role_id`, `create`, `read`, `update`, `delete`) VALUES ('92', '30', '23', '1', '1', '1', '1');
INSERT INTO `role_permission` (`id`, `fk_module_id`, `role_id`, `create`, `read`, `update`, `delete`) VALUES ('93', '31', '23', '1', '1', '1', '1');
INSERT INTO `role_permission` (`id`, `fk_module_id`, `role_id`, `create`, `read`, `update`, `delete`) VALUES ('94', '32', '23', '1', '1', '1', '1');
INSERT INTO `role_permission` (`id`, `fk_module_id`, `role_id`, `create`, `read`, `update`, `delete`) VALUES ('95', '62', '23', '1', '1', '1', '1');
INSERT INTO `role_permission` (`id`, `fk_module_id`, `role_id`, `create`, `read`, `update`, `delete`) VALUES ('96', '63', '23', '1', '1', '1', '1');
INSERT INTO `role_permission` (`id`, `fk_module_id`, `role_id`, `create`, `read`, `update`, `delete`) VALUES ('97', '33', '23', '1', '1', '1', '1');
INSERT INTO `role_permission` (`id`, `fk_module_id`, `role_id`, `create`, `read`, `update`, `delete`) VALUES ('98', '34', '23', '1', '1', '1', '1');
INSERT INTO `role_permission` (`id`, `fk_module_id`, `role_id`, `create`, `read`, `update`, `delete`) VALUES ('99', '35', '23', '1', '1', '1', '1');
INSERT INTO `role_permission` (`id`, `fk_module_id`, `role_id`, `create`, `read`, `update`, `delete`) VALUES ('100', '36', '23', '1', '1', '1', '1');
INSERT INTO `role_permission` (`id`, `fk_module_id`, `role_id`, `create`, `read`, `update`, `delete`) VALUES ('101', '37', '23', '1', '1', '1', '1');
INSERT INTO `role_permission` (`id`, `fk_module_id`, `role_id`, `create`, `read`, `update`, `delete`) VALUES ('102', '38', '23', '1', '1', '1', '1');
INSERT INTO `role_permission` (`id`, `fk_module_id`, `role_id`, `create`, `read`, `update`, `delete`) VALUES ('103', '39', '23', '1', '1', '1', '1');
INSERT INTO `role_permission` (`id`, `fk_module_id`, `role_id`, `create`, `read`, `update`, `delete`) VALUES ('104', '40', '23', '1', '1', '1', '1');
INSERT INTO `role_permission` (`id`, `fk_module_id`, `role_id`, `create`, `read`, `update`, `delete`) VALUES ('105', '41', '23', '1', '1', '1', '1');
INSERT INTO `role_permission` (`id`, `fk_module_id`, `role_id`, `create`, `read`, `update`, `delete`) VALUES ('106', '42', '23', '1', '1', '1', '1');
INSERT INTO `role_permission` (`id`, `fk_module_id`, `role_id`, `create`, `read`, `update`, `delete`) VALUES ('107', '43', '23', '1', '1', '1', '1');
INSERT INTO `role_permission` (`id`, `fk_module_id`, `role_id`, `create`, `read`, `update`, `delete`) VALUES ('108', '44', '23', '1', '1', '1', '1');
INSERT INTO `role_permission` (`id`, `fk_module_id`, `role_id`, `create`, `read`, `update`, `delete`) VALUES ('109', '45', '23', '1', '1', '1', '1');
INSERT INTO `role_permission` (`id`, `fk_module_id`, `role_id`, `create`, `read`, `update`, `delete`) VALUES ('110', '46', '23', '1', '1', '1', '1');
INSERT INTO `role_permission` (`id`, `fk_module_id`, `role_id`, `create`, `read`, `update`, `delete`) VALUES ('111', '47', '23', '1', '1', '1', '1');
INSERT INTO `role_permission` (`id`, `fk_module_id`, `role_id`, `create`, `read`, `update`, `delete`) VALUES ('112', '48', '23', '1', '1', '1', '1');
INSERT INTO `role_permission` (`id`, `fk_module_id`, `role_id`, `create`, `read`, `update`, `delete`) VALUES ('113', '49', '23', '1', '1', '1', '1');
INSERT INTO `role_permission` (`id`, `fk_module_id`, `role_id`, `create`, `read`, `update`, `delete`) VALUES ('114', '50', '23', '1', '1', '1', '1');
INSERT INTO `role_permission` (`id`, `fk_module_id`, `role_id`, `create`, `read`, `update`, `delete`) VALUES ('115', '51', '23', '1', '1', '1', '1');
INSERT INTO `role_permission` (`id`, `fk_module_id`, `role_id`, `create`, `read`, `update`, `delete`) VALUES ('116', '52', '23', '1', '1', '1', '1');
INSERT INTO `role_permission` (`id`, `fk_module_id`, `role_id`, `create`, `read`, `update`, `delete`) VALUES ('117', '53', '23', '1', '1', '1', '1');
INSERT INTO `role_permission` (`id`, `fk_module_id`, `role_id`, `create`, `read`, `update`, `delete`) VALUES ('118', '54', '23', '0', '0', '0', '0');
INSERT INTO `role_permission` (`id`, `fk_module_id`, `role_id`, `create`, `read`, `update`, `delete`) VALUES ('119', '55', '23', '0', '0', '0', '0');
INSERT INTO `role_permission` (`id`, `fk_module_id`, `role_id`, `create`, `read`, `update`, `delete`) VALUES ('120', '56', '23', '0', '0', '0', '0');
INSERT INTO `role_permission` (`id`, `fk_module_id`, `role_id`, `create`, `read`, `update`, `delete`) VALUES ('121', '57', '23', '0', '0', '0', '0');
INSERT INTO `role_permission` (`id`, `fk_module_id`, `role_id`, `create`, `read`, `update`, `delete`) VALUES ('122', '58', '23', '0', '0', '0', '0');
INSERT INTO `role_permission` (`id`, `fk_module_id`, `role_id`, `create`, `read`, `update`, `delete`) VALUES ('123', '59', '23', '0', '0', '0', '0');
INSERT INTO `role_permission` (`id`, `fk_module_id`, `role_id`, `create`, `read`, `update`, `delete`) VALUES ('124', '60', '23', '0', '0', '0', '0');
INSERT INTO `role_permission` (`id`, `fk_module_id`, `role_id`, `create`, `read`, `update`, `delete`) VALUES ('125', '61', '23', '0', '0', '0', '0');
INSERT INTO `role_permission` (`id`, `fk_module_id`, `role_id`, `create`, `read`, `update`, `delete`) VALUES ('126', '64', '23', '0', '0', '0', '0');
INSERT INTO `role_permission` (`id`, `fk_module_id`, `role_id`, `create`, `read`, `update`, `delete`) VALUES ('127', '3', '24', '1', '0', '0', '0');
INSERT INTO `role_permission` (`id`, `fk_module_id`, `role_id`, `create`, `read`, `update`, `delete`) VALUES ('128', '4', '24', '1', '1', '1', '0');
INSERT INTO `role_permission` (`id`, `fk_module_id`, `role_id`, `create`, `read`, `update`, `delete`) VALUES ('129', '5', '24', '1', '1', '1', '0');
INSERT INTO `role_permission` (`id`, `fk_module_id`, `role_id`, `create`, `read`, `update`, `delete`) VALUES ('130', '6', '24', '0', '0', '0', '0');
INSERT INTO `role_permission` (`id`, `fk_module_id`, `role_id`, `create`, `read`, `update`, `delete`) VALUES ('131', '7', '24', '0', '0', '0', '0');
INSERT INTO `role_permission` (`id`, `fk_module_id`, `role_id`, `create`, `read`, `update`, `delete`) VALUES ('132', '8', '24', '0', '0', '0', '0');
INSERT INTO `role_permission` (`id`, `fk_module_id`, `role_id`, `create`, `read`, `update`, `delete`) VALUES ('133', '9', '24', '0', '0', '0', '0');
INSERT INTO `role_permission` (`id`, `fk_module_id`, `role_id`, `create`, `read`, `update`, `delete`) VALUES ('134', '10', '24', '0', '0', '0', '0');
INSERT INTO `role_permission` (`id`, `fk_module_id`, `role_id`, `create`, `read`, `update`, `delete`) VALUES ('135', '11', '24', '1', '0', '0', '0');
INSERT INTO `role_permission` (`id`, `fk_module_id`, `role_id`, `create`, `read`, `update`, `delete`) VALUES ('136', '12', '24', '1', '1', '1', '0');
INSERT INTO `role_permission` (`id`, `fk_module_id`, `role_id`, `create`, `read`, `update`, `delete`) VALUES ('137', '13', '24', '1', '1', '1', '0');
INSERT INTO `role_permission` (`id`, `fk_module_id`, `role_id`, `create`, `read`, `update`, `delete`) VALUES ('138', '14', '24', '1', '1', '1', '0');
INSERT INTO `role_permission` (`id`, `fk_module_id`, `role_id`, `create`, `read`, `update`, `delete`) VALUES ('139', '15', '24', '0', '0', '0', '0');
INSERT INTO `role_permission` (`id`, `fk_module_id`, `role_id`, `create`, `read`, `update`, `delete`) VALUES ('140', '16', '24', '0', '0', '0', '0');
INSERT INTO `role_permission` (`id`, `fk_module_id`, `role_id`, `create`, `read`, `update`, `delete`) VALUES ('141', '17', '24', '0', '0', '0', '0');
INSERT INTO `role_permission` (`id`, `fk_module_id`, `role_id`, `create`, `read`, `update`, `delete`) VALUES ('142', '18', '24', '0', '0', '0', '0');
INSERT INTO `role_permission` (`id`, `fk_module_id`, `role_id`, `create`, `read`, `update`, `delete`) VALUES ('143', '19', '24', '1', '0', '0', '0');
INSERT INTO `role_permission` (`id`, `fk_module_id`, `role_id`, `create`, `read`, `update`, `delete`) VALUES ('144', '20', '24', '1', '1', '1', '0');
INSERT INTO `role_permission` (`id`, `fk_module_id`, `role_id`, `create`, `read`, `update`, `delete`) VALUES ('145', '21', '24', '0', '0', '0', '0');
INSERT INTO `role_permission` (`id`, `fk_module_id`, `role_id`, `create`, `read`, `update`, `delete`) VALUES ('146', '22', '24', '0', '0', '0', '0');
INSERT INTO `role_permission` (`id`, `fk_module_id`, `role_id`, `create`, `read`, `update`, `delete`) VALUES ('147', '23', '24', '0', '0', '0', '0');
INSERT INTO `role_permission` (`id`, `fk_module_id`, `role_id`, `create`, `read`, `update`, `delete`) VALUES ('148', '65', '24', '0', '0', '0', '0');
INSERT INTO `role_permission` (`id`, `fk_module_id`, `role_id`, `create`, `read`, `update`, `delete`) VALUES ('149', '24', '24', '0', '0', '0', '0');
INSERT INTO `role_permission` (`id`, `fk_module_id`, `role_id`, `create`, `read`, `update`, `delete`) VALUES ('150', '25', '24', '1', '1', '1', '0');
INSERT INTO `role_permission` (`id`, `fk_module_id`, `role_id`, `create`, `read`, `update`, `delete`) VALUES ('151', '26', '24', '1', '1', '1', '0');
INSERT INTO `role_permission` (`id`, `fk_module_id`, `role_id`, `create`, `read`, `update`, `delete`) VALUES ('152', '27', '24', '0', '0', '0', '0');
INSERT INTO `role_permission` (`id`, `fk_module_id`, `role_id`, `create`, `read`, `update`, `delete`) VALUES ('153', '28', '24', '0', '0', '0', '0');
INSERT INTO `role_permission` (`id`, `fk_module_id`, `role_id`, `create`, `read`, `update`, `delete`) VALUES ('154', '29', '24', '0', '0', '0', '0');
INSERT INTO `role_permission` (`id`, `fk_module_id`, `role_id`, `create`, `read`, `update`, `delete`) VALUES ('155', '30', '24', '0', '0', '0', '0');
INSERT INTO `role_permission` (`id`, `fk_module_id`, `role_id`, `create`, `read`, `update`, `delete`) VALUES ('156', '31', '24', '1', '0', '0', '0');
INSERT INTO `role_permission` (`id`, `fk_module_id`, `role_id`, `create`, `read`, `update`, `delete`) VALUES ('157', '32', '24', '1', '1', '0', '0');
INSERT INTO `role_permission` (`id`, `fk_module_id`, `role_id`, `create`, `read`, `update`, `delete`) VALUES ('158', '62', '24', '1', '1', '0', '0');
INSERT INTO `role_permission` (`id`, `fk_module_id`, `role_id`, `create`, `read`, `update`, `delete`) VALUES ('159', '63', '24', '1', '1', '0', '0');
INSERT INTO `role_permission` (`id`, `fk_module_id`, `role_id`, `create`, `read`, `update`, `delete`) VALUES ('160', '33', '24', '0', '0', '0', '0');
INSERT INTO `role_permission` (`id`, `fk_module_id`, `role_id`, `create`, `read`, `update`, `delete`) VALUES ('161', '34', '24', '0', '0', '0', '0');
INSERT INTO `role_permission` (`id`, `fk_module_id`, `role_id`, `create`, `read`, `update`, `delete`) VALUES ('162', '35', '24', '0', '0', '0', '0');
INSERT INTO `role_permission` (`id`, `fk_module_id`, `role_id`, `create`, `read`, `update`, `delete`) VALUES ('163', '36', '24', '0', '0', '0', '0');
INSERT INTO `role_permission` (`id`, `fk_module_id`, `role_id`, `create`, `read`, `update`, `delete`) VALUES ('164', '37', '24', '1', '1', '0', '0');
INSERT INTO `role_permission` (`id`, `fk_module_id`, `role_id`, `create`, `read`, `update`, `delete`) VALUES ('165', '38', '24', '1', '1', '1', '0');
INSERT INTO `role_permission` (`id`, `fk_module_id`, `role_id`, `create`, `read`, `update`, `delete`) VALUES ('166', '39', '24', '0', '0', '0', '0');
INSERT INTO `role_permission` (`id`, `fk_module_id`, `role_id`, `create`, `read`, `update`, `delete`) VALUES ('167', '40', '24', '0', '0', '0', '0');
INSERT INTO `role_permission` (`id`, `fk_module_id`, `role_id`, `create`, `read`, `update`, `delete`) VALUES ('168', '41', '24', '0', '0', '0', '0');
INSERT INTO `role_permission` (`id`, `fk_module_id`, `role_id`, `create`, `read`, `update`, `delete`) VALUES ('169', '42', '24', '0', '0', '0', '0');
INSERT INTO `role_permission` (`id`, `fk_module_id`, `role_id`, `create`, `read`, `update`, `delete`) VALUES ('170', '43', '24', '0', '0', '0', '0');
INSERT INTO `role_permission` (`id`, `fk_module_id`, `role_id`, `create`, `read`, `update`, `delete`) VALUES ('171', '44', '24', '0', '0', '0', '0');
INSERT INTO `role_permission` (`id`, `fk_module_id`, `role_id`, `create`, `read`, `update`, `delete`) VALUES ('172', '45', '24', '1', '1', '1', '0');
INSERT INTO `role_permission` (`id`, `fk_module_id`, `role_id`, `create`, `read`, `update`, `delete`) VALUES ('173', '46', '24', '1', '1', '1', '0');
INSERT INTO `role_permission` (`id`, `fk_module_id`, `role_id`, `create`, `read`, `update`, `delete`) VALUES ('174', '47', '24', '0', '0', '0', '0');
INSERT INTO `role_permission` (`id`, `fk_module_id`, `role_id`, `create`, `read`, `update`, `delete`) VALUES ('175', '48', '24', '0', '0', '0', '0');
INSERT INTO `role_permission` (`id`, `fk_module_id`, `role_id`, `create`, `read`, `update`, `delete`) VALUES ('176', '49', '24', '0', '0', '0', '0');
INSERT INTO `role_permission` (`id`, `fk_module_id`, `role_id`, `create`, `read`, `update`, `delete`) VALUES ('177', '50', '24', '0', '0', '0', '0');
INSERT INTO `role_permission` (`id`, `fk_module_id`, `role_id`, `create`, `read`, `update`, `delete`) VALUES ('178', '51', '24', '0', '0', '0', '0');
INSERT INTO `role_permission` (`id`, `fk_module_id`, `role_id`, `create`, `read`, `update`, `delete`) VALUES ('179', '52', '24', '0', '0', '0', '0');
INSERT INTO `role_permission` (`id`, `fk_module_id`, `role_id`, `create`, `read`, `update`, `delete`) VALUES ('180', '53', '24', '0', '0', '0', '0');
INSERT INTO `role_permission` (`id`, `fk_module_id`, `role_id`, `create`, `read`, `update`, `delete`) VALUES ('181', '54', '24', '0', '0', '0', '0');
INSERT INTO `role_permission` (`id`, `fk_module_id`, `role_id`, `create`, `read`, `update`, `delete`) VALUES ('182', '55', '24', '0', '0', '0', '0');
INSERT INTO `role_permission` (`id`, `fk_module_id`, `role_id`, `create`, `read`, `update`, `delete`) VALUES ('183', '56', '24', '0', '0', '0', '0');
INSERT INTO `role_permission` (`id`, `fk_module_id`, `role_id`, `create`, `read`, `update`, `delete`) VALUES ('184', '57', '24', '0', '0', '0', '0');
INSERT INTO `role_permission` (`id`, `fk_module_id`, `role_id`, `create`, `read`, `update`, `delete`) VALUES ('185', '58', '24', '0', '0', '0', '0');
INSERT INTO `role_permission` (`id`, `fk_module_id`, `role_id`, `create`, `read`, `update`, `delete`) VALUES ('186', '59', '24', '0', '0', '0', '0');
INSERT INTO `role_permission` (`id`, `fk_module_id`, `role_id`, `create`, `read`, `update`, `delete`) VALUES ('187', '60', '24', '0', '0', '0', '0');
INSERT INTO `role_permission` (`id`, `fk_module_id`, `role_id`, `create`, `read`, `update`, `delete`) VALUES ('188', '61', '24', '0', '0', '0', '0');
INSERT INTO `role_permission` (`id`, `fk_module_id`, `role_id`, `create`, `read`, `update`, `delete`) VALUES ('189', '64', '24', '0', '0', '0', '0');
INSERT INTO `role_permission` (`id`, `fk_module_id`, `role_id`, `create`, `read`, `update`, `delete`) VALUES ('190', '3', '26', '1', '1', '1', '1');
INSERT INTO `role_permission` (`id`, `fk_module_id`, `role_id`, `create`, `read`, `update`, `delete`) VALUES ('191', '4', '26', '1', '1', '1', '1');
INSERT INTO `role_permission` (`id`, `fk_module_id`, `role_id`, `create`, `read`, `update`, `delete`) VALUES ('192', '5', '26', '1', '1', '1', '1');
INSERT INTO `role_permission` (`id`, `fk_module_id`, `role_id`, `create`, `read`, `update`, `delete`) VALUES ('193', '6', '26', '1', '1', '1', '0');
INSERT INTO `role_permission` (`id`, `fk_module_id`, `role_id`, `create`, `read`, `update`, `delete`) VALUES ('194', '7', '26', '1', '0', '0', '0');
INSERT INTO `role_permission` (`id`, `fk_module_id`, `role_id`, `create`, `read`, `update`, `delete`) VALUES ('195', '8', '26', '1', '1', '1', '1');
INSERT INTO `role_permission` (`id`, `fk_module_id`, `role_id`, `create`, `read`, `update`, `delete`) VALUES ('196', '9', '26', '1', '1', '1', '1');
INSERT INTO `role_permission` (`id`, `fk_module_id`, `role_id`, `create`, `read`, `update`, `delete`) VALUES ('197', '10', '26', '1', '1', '1', '1');
INSERT INTO `role_permission` (`id`, `fk_module_id`, `role_id`, `create`, `read`, `update`, `delete`) VALUES ('198', '11', '26', '1', '0', '0', '0');
INSERT INTO `role_permission` (`id`, `fk_module_id`, `role_id`, `create`, `read`, `update`, `delete`) VALUES ('199', '12', '26', '1', '1', '1', '1');
INSERT INTO `role_permission` (`id`, `fk_module_id`, `role_id`, `create`, `read`, `update`, `delete`) VALUES ('200', '13', '26', '1', '1', '1', '1');
INSERT INTO `role_permission` (`id`, `fk_module_id`, `role_id`, `create`, `read`, `update`, `delete`) VALUES ('201', '14', '26', '1', '1', '1', '1');
INSERT INTO `role_permission` (`id`, `fk_module_id`, `role_id`, `create`, `read`, `update`, `delete`) VALUES ('202', '15', '26', '1', '0', '0', '0');
INSERT INTO `role_permission` (`id`, `fk_module_id`, `role_id`, `create`, `read`, `update`, `delete`) VALUES ('203', '16', '26', '1', '1', '1', '1');
INSERT INTO `role_permission` (`id`, `fk_module_id`, `role_id`, `create`, `read`, `update`, `delete`) VALUES ('204', '17', '26', '1', '1', '1', '1');
INSERT INTO `role_permission` (`id`, `fk_module_id`, `role_id`, `create`, `read`, `update`, `delete`) VALUES ('205', '18', '26', '1', '1', '1', '1');
INSERT INTO `role_permission` (`id`, `fk_module_id`, `role_id`, `create`, `read`, `update`, `delete`) VALUES ('206', '19', '26', '1', '1', '0', '0');
INSERT INTO `role_permission` (`id`, `fk_module_id`, `role_id`, `create`, `read`, `update`, `delete`) VALUES ('207', '20', '26', '1', '1', '1', '1');
INSERT INTO `role_permission` (`id`, `fk_module_id`, `role_id`, `create`, `read`, `update`, `delete`) VALUES ('208', '21', '26', '1', '0', '0', '0');
INSERT INTO `role_permission` (`id`, `fk_module_id`, `role_id`, `create`, `read`, `update`, `delete`) VALUES ('209', '22', '26', '1', '1', '1', '1');
INSERT INTO `role_permission` (`id`, `fk_module_id`, `role_id`, `create`, `read`, `update`, `delete`) VALUES ('210', '23', '26', '1', '1', '1', '1');
INSERT INTO `role_permission` (`id`, `fk_module_id`, `role_id`, `create`, `read`, `update`, `delete`) VALUES ('211', '65', '26', '1', '1', '1', '1');
INSERT INTO `role_permission` (`id`, `fk_module_id`, `role_id`, `create`, `read`, `update`, `delete`) VALUES ('212', '24', '26', '1', '0', '0', '0');
INSERT INTO `role_permission` (`id`, `fk_module_id`, `role_id`, `create`, `read`, `update`, `delete`) VALUES ('213', '25', '26', '1', '1', '1', '0');
INSERT INTO `role_permission` (`id`, `fk_module_id`, `role_id`, `create`, `read`, `update`, `delete`) VALUES ('214', '26', '26', '1', '1', '1', '0');
INSERT INTO `role_permission` (`id`, `fk_module_id`, `role_id`, `create`, `read`, `update`, `delete`) VALUES ('215', '27', '26', '1', '1', '1', '0');
INSERT INTO `role_permission` (`id`, `fk_module_id`, `role_id`, `create`, `read`, `update`, `delete`) VALUES ('216', '28', '26', '1', '1', '1', '0');
INSERT INTO `role_permission` (`id`, `fk_module_id`, `role_id`, `create`, `read`, `update`, `delete`) VALUES ('217', '29', '26', '1', '1', '1', '0');
INSERT INTO `role_permission` (`id`, `fk_module_id`, `role_id`, `create`, `read`, `update`, `delete`) VALUES ('218', '30', '26', '1', '1', '1', '0');
INSERT INTO `role_permission` (`id`, `fk_module_id`, `role_id`, `create`, `read`, `update`, `delete`) VALUES ('219', '31', '26', '1', '1', '1', '0');
INSERT INTO `role_permission` (`id`, `fk_module_id`, `role_id`, `create`, `read`, `update`, `delete`) VALUES ('220', '32', '26', '1', '1', '1', '0');
INSERT INTO `role_permission` (`id`, `fk_module_id`, `role_id`, `create`, `read`, `update`, `delete`) VALUES ('221', '62', '26', '1', '1', '1', '0');
INSERT INTO `role_permission` (`id`, `fk_module_id`, `role_id`, `create`, `read`, `update`, `delete`) VALUES ('222', '63', '26', '1', '1', '1', '0');
INSERT INTO `role_permission` (`id`, `fk_module_id`, `role_id`, `create`, `read`, `update`, `delete`) VALUES ('223', '33', '26', '1', '1', '1', '0');
INSERT INTO `role_permission` (`id`, `fk_module_id`, `role_id`, `create`, `read`, `update`, `delete`) VALUES ('224', '34', '26', '1', '1', '1', '0');
INSERT INTO `role_permission` (`id`, `fk_module_id`, `role_id`, `create`, `read`, `update`, `delete`) VALUES ('225', '35', '26', '1', '1', '1', '0');
INSERT INTO `role_permission` (`id`, `fk_module_id`, `role_id`, `create`, `read`, `update`, `delete`) VALUES ('226', '36', '26', '1', '1', '1', '0');
INSERT INTO `role_permission` (`id`, `fk_module_id`, `role_id`, `create`, `read`, `update`, `delete`) VALUES ('227', '37', '26', '1', '1', '1', '1');
INSERT INTO `role_permission` (`id`, `fk_module_id`, `role_id`, `create`, `read`, `update`, `delete`) VALUES ('228', '38', '26', '1', '1', '1', '1');
INSERT INTO `role_permission` (`id`, `fk_module_id`, `role_id`, `create`, `read`, `update`, `delete`) VALUES ('229', '39', '26', '1', '1', '1', '1');
INSERT INTO `role_permission` (`id`, `fk_module_id`, `role_id`, `create`, `read`, `update`, `delete`) VALUES ('230', '40', '26', '1', '1', '1', '1');
INSERT INTO `role_permission` (`id`, `fk_module_id`, `role_id`, `create`, `read`, `update`, `delete`) VALUES ('231', '41', '26', '1', '1', '1', '1');
INSERT INTO `role_permission` (`id`, `fk_module_id`, `role_id`, `create`, `read`, `update`, `delete`) VALUES ('232', '42', '26', '1', '1', '1', '1');
INSERT INTO `role_permission` (`id`, `fk_module_id`, `role_id`, `create`, `read`, `update`, `delete`) VALUES ('233', '43', '26', '1', '1', '1', '1');
INSERT INTO `role_permission` (`id`, `fk_module_id`, `role_id`, `create`, `read`, `update`, `delete`) VALUES ('234', '44', '26', '1', '1', '1', '1');
INSERT INTO `role_permission` (`id`, `fk_module_id`, `role_id`, `create`, `read`, `update`, `delete`) VALUES ('235', '45', '26', '1', '1', '1', '1');
INSERT INTO `role_permission` (`id`, `fk_module_id`, `role_id`, `create`, `read`, `update`, `delete`) VALUES ('236', '46', '26', '1', '1', '1', '1');
INSERT INTO `role_permission` (`id`, `fk_module_id`, `role_id`, `create`, `read`, `update`, `delete`) VALUES ('237', '47', '26', '1', '1', '1', '1');
INSERT INTO `role_permission` (`id`, `fk_module_id`, `role_id`, `create`, `read`, `update`, `delete`) VALUES ('238', '48', '26', '1', '1', '1', '1');
INSERT INTO `role_permission` (`id`, `fk_module_id`, `role_id`, `create`, `read`, `update`, `delete`) VALUES ('239', '49', '26', '1', '1', '1', '1');
INSERT INTO `role_permission` (`id`, `fk_module_id`, `role_id`, `create`, `read`, `update`, `delete`) VALUES ('240', '50', '26', '1', '1', '1', '1');
INSERT INTO `role_permission` (`id`, `fk_module_id`, `role_id`, `create`, `read`, `update`, `delete`) VALUES ('241', '51', '26', '0', '0', '0', '0');
INSERT INTO `role_permission` (`id`, `fk_module_id`, `role_id`, `create`, `read`, `update`, `delete`) VALUES ('242', '52', '26', '0', '0', '0', '0');
INSERT INTO `role_permission` (`id`, `fk_module_id`, `role_id`, `create`, `read`, `update`, `delete`) VALUES ('243', '53', '26', '0', '0', '0', '0');
INSERT INTO `role_permission` (`id`, `fk_module_id`, `role_id`, `create`, `read`, `update`, `delete`) VALUES ('244', '54', '26', '0', '0', '0', '0');
INSERT INTO `role_permission` (`id`, `fk_module_id`, `role_id`, `create`, `read`, `update`, `delete`) VALUES ('245', '55', '26', '0', '0', '0', '0');
INSERT INTO `role_permission` (`id`, `fk_module_id`, `role_id`, `create`, `read`, `update`, `delete`) VALUES ('246', '56', '26', '0', '0', '0', '0');
INSERT INTO `role_permission` (`id`, `fk_module_id`, `role_id`, `create`, `read`, `update`, `delete`) VALUES ('247', '57', '26', '0', '0', '0', '0');
INSERT INTO `role_permission` (`id`, `fk_module_id`, `role_id`, `create`, `read`, `update`, `delete`) VALUES ('248', '58', '26', '0', '0', '0', '0');
INSERT INTO `role_permission` (`id`, `fk_module_id`, `role_id`, `create`, `read`, `update`, `delete`) VALUES ('249', '59', '26', '0', '0', '0', '0');
INSERT INTO `role_permission` (`id`, `fk_module_id`, `role_id`, `create`, `read`, `update`, `delete`) VALUES ('250', '60', '26', '0', '0', '0', '0');
INSERT INTO `role_permission` (`id`, `fk_module_id`, `role_id`, `create`, `read`, `update`, `delete`) VALUES ('251', '61', '26', '0', '0', '0', '0');
INSERT INTO `role_permission` (`id`, `fk_module_id`, `role_id`, `create`, `read`, `update`, `delete`) VALUES ('252', '64', '26', '0', '0', '0', '0');


#
# TABLE STRUCTURE FOR: sales_actual
#

DROP TABLE IF EXISTS `sales_actual`;

CREATE ALGORITHM=UNDEFINED DEFINER=`root`@`localhost` SQL SECURITY DEFINER VIEW `sales_actual` AS select `sales_report`.`date` AS `DATE`,`sales_report`.`manufacturer_id` AS `manufacturer_id`,sum((`sales_report`.`quantity` * -(`sales_report`.`manufacturer_rate`))) AS `sub_total`,sum(`sales_report`.`cartoon`) AS `no_transection` from `sales_report` group by `sales_report`.`date`,`sales_report`.`manufacturer_id` union all select `manufacturer_ledger`.`date` AS `date`,`manufacturer_ledger`.`manufacturer_id` AS `manufacturer_id`,`manufacturer_ledger`.`amount` AS `sub_total`,`manufacturer_ledger`.`description` AS `no_transection` from `manufacturer_ledger` where isnull(`manufacturer_ledger`.`chalan_no`) group by `manufacturer_ledger`.`date`,`manufacturer_ledger`.`description`,`manufacturer_ledger`.`manufacturer_id`;

utf8mb4_unicode_ci;

INSERT INTO `sales_actual` (`DATE`, `manufacturer_id`, `sub_total`, `no_transection`) VALUES ('2018-08-30', 'JPD4G6IQGTDHJ7UUZ9EI', '-4640', NULL);


#
# TABLE STRUCTURE FOR: sales_report
#

DROP TABLE IF EXISTS `sales_report`;

CREATE ALGORITHM=UNDEFINED DEFINER=`root`@`localhost` SQL SECURITY DEFINER VIEW `sales_report` AS select `b`.`date` AS `date`,`b`.`invoice_id` AS `invoice_id`,`a`.`invoice_details_id` AS `invoice_details_id`,`b`.`customer_id` AS `customer_id`,`c`.`manufacturer_id` AS `manufacturer_id`,`a`.`product_id` AS `product_id`,`c`.`product_model` AS `product_model`,`c`.`product_name` AS `product_name`,`a`.`cartoon` AS `cartoon`,`a`.`quantity` AS `quantity`,`a`.`rate` AS `sell_rate`,`a`.`manufacturer_rate` AS `manufacturer_rate` from ((`invoice_details` `a` join `invoice` `b`) join `product_manufacturer` `c`) where ((`a`.`invoice_id` = `b`.`invoice_id`) and (`a`.`product_id` = `c`.`product_id`));

utf8mb4_unicode_ci;

INSERT INTO `sales_report` (`date`, `invoice_id`, `invoice_details_id`, `customer_id`, `manufacturer_id`, `product_id`, `product_model`, `product_name`, `cartoon`, `quantity`, `sell_rate`, `manufacturer_rate`) VALUES ('2018-08-30', '2917391921', '153489778823156', 'M77BNMINM8WLBUS', 'JPD4G6IQGTDHJ7UUZ9EI', '45448121', 'Tablet/Pills', 'Napa', NULL, '2', '200', '180');
INSERT INTO `sales_report` (`date`, `invoice_id`, `invoice_details_id`, `customer_id`, `manufacturer_id`, `product_id`, `product_model`, `product_name`, `cartoon`, `quantity`, `sell_rate`, `manufacturer_rate`) VALUES ('2018-08-30', '2917391921', '929175227145934', 'M77BNMINM8WLBUS', 'JPD4G6IQGTDHJ7UUZ9EI', '14462386', 'Tablet/Pills', 'Filmet', NULL, '2', '150', '140');
INSERT INTO `sales_report` (`date`, `invoice_id`, `invoice_details_id`, `customer_id`, `manufacturer_id`, `product_id`, `product_model`, `product_name`, `cartoon`, `quantity`, `sell_rate`, `manufacturer_rate`) VALUES ('2018-08-30', '2725916364', '492127469222385', 'FOAMI9S7EC4GWE1', 'JPD4G6IQGTDHJ7UUZ9EI', '14462386', 'Tablet/Pills', 'Filmet', NULL, '-1', '150', NULL);
INSERT INTO `sales_report` (`date`, `invoice_id`, `invoice_details_id`, `customer_id`, `manufacturer_id`, `product_id`, `product_model`, `product_name`, `cartoon`, `quantity`, `sell_rate`, `manufacturer_rate`) VALUES ('2018-08-30', '2725916364', '824121748582865', 'FOAMI9S7EC4GWE1', 'JPD4G6IQGTDHJ7UUZ9EI', '45448121', 'Tablet/Pills', 'Napa', NULL, '5', '200', NULL);
INSERT INTO `sales_report` (`date`, `invoice_id`, `invoice_details_id`, `customer_id`, `manufacturer_id`, `product_id`, `product_model`, `product_name`, `cartoon`, `quantity`, `sell_rate`, `manufacturer_rate`) VALUES ('2018-08-30', '2725916364', '467253528531636', 'FOAMI9S7EC4GWE1', 'JPD4G6IQGTDHJ7UUZ9EI', '14462386', 'Tablet/Pills', 'Filmet', NULL, '10', '150', NULL);
INSERT INTO `sales_report` (`date`, `invoice_id`, `invoice_details_id`, `customer_id`, `manufacturer_id`, `product_id`, `product_model`, `product_name`, `cartoon`, `quantity`, `sell_rate`, `manufacturer_rate`) VALUES ('2018-08-30', '4715649262', '529321759352269', '442GD4V37BMN8TA', 'JPD4G6IQGTDHJ7UUZ9EI', '72236475', 'Syrup', 'lurax', NULL, '10', '500', '400');
INSERT INTO `sales_report` (`date`, `invoice_id`, `invoice_details_id`, `customer_id`, `manufacturer_id`, `product_id`, `product_model`, `product_name`, `cartoon`, `quantity`, `sell_rate`, `manufacturer_rate`) VALUES ('2018-08-30', '4715649262', '562214187916919', '442GD4V37BMN8TA', 'JPD4G6IQGTDHJ7UUZ9EI', '72236475', 'Syrup', 'lurax', NULL, '-1', '500', NULL);
INSERT INTO `sales_report` (`date`, `invoice_id`, `invoice_details_id`, `customer_id`, `manufacturer_id`, `product_id`, `product_model`, `product_name`, `cartoon`, `quantity`, `sell_rate`, `manufacturer_rate`) VALUES ('2018-08-30', '4715649262', '379484239395735', '442GD4V37BMN8TA', 'JPD4G6IQGTDHJ7UUZ9EI', '72236475', 'Syrup', 'lurax', NULL, '-5', '500', NULL);
INSERT INTO `sales_report` (`date`, `invoice_id`, `invoice_details_id`, `customer_id`, `manufacturer_id`, `product_id`, `product_model`, `product_name`, `cartoon`, `quantity`, `sell_rate`, `manufacturer_rate`) VALUES ('2018-08-30', '4715649262', '942566834376212', '442GD4V37BMN8TA', 'JPD4G6IQGTDHJ7UUZ9EI', '72236475', 'Syrup', 'lurax', NULL, '-3', '500', NULL);


#
# TABLE STRUCTURE FOR: sec_role
#

DROP TABLE IF EXISTS `sec_role`;

CREATE TABLE `sec_role` (
  `id` int(11) NOT NULL AUTO_INCREMENT,
  `type` varchar(100) NOT NULL,
  PRIMARY KEY (`id`)
) ENGINE=InnoDB AUTO_INCREMENT=27 DEFAULT CHARSET=latin1;

INSERT INTO `sec_role` (`id`, `type`) VALUES ('23', 'Admin');
INSERT INTO `sec_role` (`id`, `type`) VALUES ('24', 'Sales Man');
INSERT INTO `sec_role` (`id`, `type`) VALUES ('26', 'Manager');


#
# TABLE STRUCTURE FOR: sec_userrole
#

DROP TABLE IF EXISTS `sec_userrole`;

CREATE TABLE `sec_userrole` (
  `id` int(11) NOT NULL AUTO_INCREMENT,
  `user_id` varchar(50) COLLATE utf8_unicode_ci NOT NULL,
  `roleid` int(11) NOT NULL,
  `createby` varchar(50) COLLATE utf8_unicode_ci NOT NULL,
  `createdate` datetime NOT NULL,
  UNIQUE KEY `ID` (`id`)
) ENGINE=InnoDB AUTO_INCREMENT=4 DEFAULT CHARSET=utf8 COLLATE=utf8_unicode_ci;

INSERT INTO `sec_userrole` (`id`, `user_id`, `roleid`, `createby`, `createdate`) VALUES ('1', '31', '23', '1', '2018-08-05 10:41:18');
INSERT INTO `sec_userrole` (`id`, `user_id`, `roleid`, `createby`, `createdate`) VALUES ('2', '30', '24', '1', '2018-08-05 10:44:50');
INSERT INTO `sec_userrole` (`id`, `user_id`, `roleid`, `createby`, `createdate`) VALUES ('3', '29', '26', '1', '2018-08-05 10:49:47');


#
# TABLE STRUCTURE FOR: stock_batch_qty
#

DROP TABLE IF EXISTS `stock_batch_qty`;

CREATE ALGORITHM=UNDEFINED DEFINER=`root`@`localhost` SQL SECURITY DEFINER VIEW `stock_batch_qty` AS select `invoice_details`.`batch_id` AS `batch_id`,`invoice_details`.`product_id` AS `product_id`,sum(`invoice_details`.`quantity`) AS `sell`,0 AS `Purchase`,0 AS `expeire_date` from `invoice_details` group by `invoice_details`.`batch_id`,`invoice_details`.`product_id` union select `product_purchase_details`.`batch_id` AS `batch_id`,`product_purchase_details`.`product_id` AS `product_id`,0 AS `Sell`,sum(`product_purchase_details`.`quantity`) AS `purchase`,`product_purchase_details`.`expeire_date` AS `expeire_date` from `product_purchase_details` group by `product_purchase_details`.`batch_id`,`product_purchase_details`.`product_id`;

utf8mb4_unicode_ci;

INSERT INTO `stock_batch_qty` (`batch_id`, `product_id`, `sell`, `Purchase`, `expeire_date`) VALUES ('111', '45448121', '2', '0', '0');
INSERT INTO `stock_batch_qty` (`batch_id`, `product_id`, `sell`, `Purchase`, `expeire_date`) VALUES ('120', '14462386', '11', '0', '0');
INSERT INTO `stock_batch_qty` (`batch_id`, `product_id`, `sell`, `Purchase`, `expeire_date`) VALUES ('200', '45448121', '5', '0', '0');
INSERT INTO `stock_batch_qty` (`batch_id`, `product_id`, `sell`, `Purchase`, `expeire_date`) VALUES ('4433', '72236475', '1', '0', '0');
INSERT INTO `stock_batch_qty` (`batch_id`, `product_id`, `sell`, `Purchase`, `expeire_date`) VALUES ('111', '45448121', '0', '9', '2019-05-31');
INSERT INTO `stock_batch_qty` (`batch_id`, `product_id`, `sell`, `Purchase`, `expeire_date`) VALUES ('120', '14462386', '0', '18', '2019-02-28');
INSERT INTO `stock_batch_qty` (`batch_id`, `product_id`, `sell`, `Purchase`, `expeire_date`) VALUES ('200', '45448121', '0', '15', '2019-06-30');
INSERT INTO `stock_batch_qty` (`batch_id`, `product_id`, `sell`, `Purchase`, `expeire_date`) VALUES ('4332', '38477662', '0', '50', '2018-08-31');
INSERT INTO `stock_batch_qty` (`batch_id`, `product_id`, `sell`, `Purchase`, `expeire_date`) VALUES ('4433', '72236475', '0', '50', '2018-08-31');


#
# TABLE STRUCTURE FOR: stock_history
#

DROP TABLE IF EXISTS `stock_history`;

CREATE ALGORITHM=UNDEFINED DEFINER=`root`@`localhost` SQL SECURITY DEFINER VIEW `stock_history` AS select `invoice`.`date` AS `vdate`,`invoice_details`.`product_id` AS `product_id`,sum(`invoice_details`.`quantity`) AS `sell`,0 AS `Purchase` from (`invoice_details` join `invoice` on((`invoice_details`.`invoice_id` = `invoice`.`invoice_id`))) group by `invoice_details`.`product_id`,`invoice`.`date` union select `product_purchase`.`purchase_date` AS `purchase_date`,`product_purchase_details`.`product_id` AS `product_id`,0 AS `0`,sum(`product_purchase_details`.`quantity`) AS `purchase` from (`product_purchase_details` join `product_purchase` on((`product_purchase_details`.`purchase_id` = `product_purchase`.`purchase_id`))) group by `product_purchase_details`.`product_id`,`product_purchase`.`purchase_date`;

utf8mb4_unicode_ci;

INSERT INTO `stock_history` (`vdate`, `product_id`, `sell`, `Purchase`) VALUES ('2018-08-30', '14462386', '11', '0');
INSERT INTO `stock_history` (`vdate`, `product_id`, `sell`, `Purchase`) VALUES ('2018-08-30', '45448121', '7', '0');
INSERT INTO `stock_history` (`vdate`, `product_id`, `sell`, `Purchase`) VALUES ('2018-08-30', '72236475', '1', '0');
INSERT INTO `stock_history` (`vdate`, `product_id`, `sell`, `Purchase`) VALUES ('2018-08-30', '14462386', '0', '18');
INSERT INTO `stock_history` (`vdate`, `product_id`, `sell`, `Purchase`) VALUES ('2018-08-30', '38477662', '0', '50');
INSERT INTO `stock_history` (`vdate`, `product_id`, `sell`, `Purchase`) VALUES ('2018-08-30', '45448121', '0', '24');
INSERT INTO `stock_history` (`vdate`, `product_id`, `sell`, `Purchase`) VALUES ('2018-08-30', '72236475', '0', '50');


#
# TABLE STRUCTURE FOR: sub_module
#

DROP TABLE IF EXISTS `sub_module`;

CREATE TABLE `sub_module` (
  `id` int(11) NOT NULL AUTO_INCREMENT,
  `mid` int(11) NOT NULL,
  `name` varchar(100) NOT NULL,
  `description` text NOT NULL,
  `image` varchar(100) NOT NULL,
  `directory` varchar(50) NOT NULL,
  `status` tinyint(1) NOT NULL,
  PRIMARY KEY (`id`)
) ENGINE=InnoDB AUTO_INCREMENT=66 DEFAULT CHARSET=latin1;

INSERT INTO `sub_module` (`id`, `mid`, `name`, `description`, `image`, `directory`, `status`) VALUES ('3', '3', 'New Invoice', 'New Invoice', 'application/modules/store/assets/images/thumbnail.jpg', 'new_invoice', '1');
INSERT INTO `sub_module` (`id`, `mid`, `name`, `description`, `image`, `directory`, `status`) VALUES ('4', '3', 'Manage  Invoice', 'Manage Invoice', 'application/modules/store/assets/images/thumbnail.jpg', 'manage_invoice', '1');
INSERT INTO `sub_module` (`id`, `mid`, `name`, `description`, `image`, `directory`, `status`) VALUES ('5', '3', 'Pos Invoice', 'Pos Invoice', 'application/modules/store/assets/images/thumbnail.jpg', 'pos_invoice', '1');
INSERT INTO `sub_module` (`id`, `mid`, `name`, `description`, `image`, `directory`, `status`) VALUES ('6', '4', 'Add Category', 'Add Category', 'application/modules/store/assets/images/thumbnail.jpg', 'add_category', '1');
INSERT INTO `sub_module` (`id`, `mid`, `name`, `description`, `image`, `directory`, `status`) VALUES ('7', '5', 'Medicine Type', 'Medicine Type', 'application/modules/store/assets/images/thumbnail.jpg', 'medicine_type', '1');
INSERT INTO `sub_module` (`id`, `mid`, `name`, `description`, `image`, `directory`, `status`) VALUES ('8', '5', 'Add Medicine', 'Add Medicine', 'application/modules/store/assets/images/thumbnail.jpg', 'add_medicine', '1');
INSERT INTO `sub_module` (`id`, `mid`, `name`, `description`, `image`, `directory`, `status`) VALUES ('9', '5', 'Import Medicine Csv', 'Import Medicine Csv', 'application/modules/store/assets/images/thumbnail.jpg', 'import_medicine_csv', '1');
INSERT INTO `sub_module` (`id`, `mid`, `name`, `description`, `image`, `directory`, `status`) VALUES ('10', '5', 'Manage Medicine', 'Manage Medicine ', 'application/modules/store/assets/images/thumbnail.jpg', 'manage_medicine', '1');
INSERT INTO `sub_module` (`id`, `mid`, `name`, `description`, `image`, `directory`, `status`) VALUES ('11', '6', 'Add Customer', 'Add Customer', 'application/modules/store/assets/images/thumbnail.jpg', 'add_customer', '1');
INSERT INTO `sub_module` (`id`, `mid`, `name`, `description`, `image`, `directory`, `status`) VALUES ('12', '6', 'Manage Customer', 'Manage Customer', 'application/modules/store/assets/images/thumbnail.jpg', 'manage_customer', '1');
INSERT INTO `sub_module` (`id`, `mid`, `name`, `description`, `image`, `directory`, `status`) VALUES ('13', '6', 'Credit Customer', 'Credit Customer', 'application/modules/store/assets/images/thumbnail.jpg', 'credit_customer', '1');
INSERT INTO `sub_module` (`id`, `mid`, `name`, `description`, `image`, `directory`, `status`) VALUES ('14', '6', 'Paid Customer', 'Paid Customer', 'application/modules/store/assets/images/thumbnail.jpg', 'paid_customer', '1');
INSERT INTO `sub_module` (`id`, `mid`, `name`, `description`, `image`, `directory`, `status`) VALUES ('15', '7', 'Add Manufacturer', 'Add Manufacturer', 'application/modules/store/assets/images/thumbnail.jpg', 'add_manufacturer', '1');
INSERT INTO `sub_module` (`id`, `mid`, `name`, `description`, `image`, `directory`, `status`) VALUES ('16', '7', 'Manage Manufacturer', 'manage_manufacturer', 'application/modules/store/assets/images/thumbnail.jpg', 'manage_manufacturer', '1');
INSERT INTO `sub_module` (`id`, `mid`, `name`, `description`, `image`, `directory`, `status`) VALUES ('17', '7', 'Manufacturer ledger', 'Manufacturer ledger', 'application/modules/store/assets/images/thumbnail.jpg', 'manufacturer_ledger', '1');
INSERT INTO `sub_module` (`id`, `mid`, `name`, `description`, `image`, `directory`, `status`) VALUES ('18', '7', 'Manufacturer Sales Details', 'Manufacturer Sales Details', 'application/modules/store/assets/images/thumbnail.jpg', 'manufacturer_sales_details', '1');
INSERT INTO `sub_module` (`id`, `mid`, `name`, `description`, `image`, `directory`, `status`) VALUES ('19', '8', 'Add Purchase', 'Add Purchase', 'application/modules/store/assets/images/thumbnail.jpg', 'add_purchase', '1');
INSERT INTO `sub_module` (`id`, `mid`, `name`, `description`, `image`, `directory`, `status`) VALUES ('20', '8', 'Manage Purchase', 'Manage Purchase', 'application/modules/store/assets/images/thumbnail.jpg', 'manage_purchase', '1');
INSERT INTO `sub_module` (`id`, `mid`, `name`, `description`, `image`, `directory`, `status`) VALUES ('21', '9', 'Return', 'Return', 'application/modules/store/assets/images/thumbnail.jpg', 'return', '1');
INSERT INTO `sub_module` (`id`, `mid`, `name`, `description`, `image`, `directory`, `status`) VALUES ('22', '9', 'Stock Return List', 'Stock Return List', 'application/modules/store/assets/images/thumbnail.jpg', 'stock_return_list', '1');
INSERT INTO `sub_module` (`id`, `mid`, `name`, `description`, `image`, `directory`, `status`) VALUES ('23', '9', 'Manufacturer Return List', 'Manufacturer Return List', 'application/modules/store/assets/images/thumbnail.jpg', 'manufacturer_return_list', '1');
INSERT INTO `sub_module` (`id`, `mid`, `name`, `description`, `image`, `directory`, `status`) VALUES ('24', '11', 'Create Accounts', 'Create Accounts', 'application/modules/store/assets/images/thumbnail.jpg', 'create_accounts', '1');
INSERT INTO `sub_module` (`id`, `mid`, `name`, `description`, `image`, `directory`, `status`) VALUES ('25', '11', 'Manage Account', 'Manage Account', 'application/modules/store/assets/images/thumbnail.jpg', 'manage_account', '1');
INSERT INTO `sub_module` (`id`, `mid`, `name`, `description`, `image`, `directory`, `status`) VALUES ('26', '11', 'Payment', 'Payment', 'application/modules/store/assets/images/thumbnail.jpg', 'payment', '1');
INSERT INTO `sub_module` (`id`, `mid`, `name`, `description`, `image`, `directory`, `status`) VALUES ('27', '11', 'Receipt', 'Receipt', 'application/modules/store/assets/images/thumbnail.jpg', 'receipt', '1');
INSERT INTO `sub_module` (`id`, `mid`, `name`, `description`, `image`, `directory`, `status`) VALUES ('28', '11', 'Manage Transaction', 'Manage Transaction', 'application/modules/store/assets/images/thumbnail.jpg', 'manage_transaction', '1');
INSERT INTO `sub_module` (`id`, `mid`, `name`, `description`, `image`, `directory`, `status`) VALUES ('29', '11', 'Day Closing', 'Day Closing', 'application/modules/store/assets/images/thumbnail.jpg', 'day_closing', '1');
INSERT INTO `sub_module` (`id`, `mid`, `name`, `description`, `image`, `directory`, `status`) VALUES ('30', '11', 'Report', 'Report', 'application/modules/store/assets/images/thumbnail.jpg', 'report', '1');
INSERT INTO `sub_module` (`id`, `mid`, `name`, `description`, `image`, `directory`, `status`) VALUES ('31', '11', 'Add Tax', 'Add Tax', 'application/modules/store/assets/images/thumbnail.jpg', 'add_tax', '1');
INSERT INTO `sub_module` (`id`, `mid`, `name`, `description`, `image`, `directory`, `status`) VALUES ('32', '11', 'Manage Tax', 'Manage Tax', 'application/modules/store/assets/images/thumbnail.jpg', 'manage_tax', '1');
INSERT INTO `sub_module` (`id`, `mid`, `name`, `description`, `image`, `directory`, `status`) VALUES ('33', '12', 'Stock Report', 'Stock Report', 'application/modules/store/assets/images/thumbnail.jpg', 'stock_report', '1');
INSERT INTO `sub_module` (`id`, `mid`, `name`, `description`, `image`, `directory`, `status`) VALUES ('34', '12', 'Stock Report Manufacturer Wise', 'Stock Report Manufacturer Wise', 'application/modules/store/assets/images/thumbnail.jpg', 'stock_report_manufacturer_wise', '1');
INSERT INTO `sub_module` (`id`, `mid`, `name`, `description`, `image`, `directory`, `status`) VALUES ('35', '12', 'Stock Report Product Wise', 'Stock Report Product Wise', 'application/modules/store/assets/images/thumbnail.jpg', 'stock_report_product_wise', '1');
INSERT INTO `sub_module` (`id`, `mid`, `name`, `description`, `image`, `directory`, `status`) VALUES ('36', '12', 'Stock Report Batch Wise', 'Stock Report Batch Wise', 'application/modules/store/assets/images/thumbnail.jpg', 'stock_report_batch_wise', '1');
INSERT INTO `sub_module` (`id`, `mid`, `name`, `description`, `image`, `directory`, `status`) VALUES ('37', '13', 'Todays Report', 'Todays Report', 'application/modules/store/assets/images/thumbnail.jpg', 'todays_report', '1');
INSERT INTO `sub_module` (`id`, `mid`, `name`, `description`, `image`, `directory`, `status`) VALUES ('38', '13', 'Sales Report', 'Sales Report', 'application/modules/store/assets/images/thumbnail.jpg', 'sales_report', '1');
INSERT INTO `sub_module` (`id`, `mid`, `name`, `description`, `image`, `directory`, `status`) VALUES ('39', '13', 'Purchase Report', 'Purchase Report', 'application/modules/store/assets/images/thumbnail.jpg', 'purchase_report', '1');
INSERT INTO `sub_module` (`id`, `mid`, `name`, `description`, `image`, `directory`, `status`) VALUES ('40', '13', 'Sales Report Medicine Wise', 'Sales Report Medicine Wise', 'application/modules/store/assets/images/thumbnail.jpg', 'sales_report_medicine_wise', '1');
INSERT INTO `sub_module` (`id`, `mid`, `name`, `description`, `image`, `directory`, `status`) VALUES ('41', '13', 'Profit Loss', 'Profit Loss', 'application/modules/store/assets/images/thumbnail.jpg', 'profit_loss', '1');
INSERT INTO `sub_module` (`id`, `mid`, `name`, `description`, `image`, `directory`, `status`) VALUES ('42', '14', 'Add New Bank', 'Add New Bank', 'application/modules/store/assets/images/thumbnail.jpg', 'add_new_bank', '1');
INSERT INTO `sub_module` (`id`, `mid`, `name`, `description`, `image`, `directory`, `status`) VALUES ('43', '14', 'Bank Transaction', 'Bank Transaction', 'application/modules/store/assets/images/thumbnail.jpg', 'bank_transaction', '1');
INSERT INTO `sub_module` (`id`, `mid`, `name`, `description`, `image`, `directory`, `status`) VALUES ('44', '14', 'Manage Bank', 'Manage Bank', 'application/modules/store/assets/images/thumbnail.jpg', 'manage_bank', '1');
INSERT INTO `sub_module` (`id`, `mid`, `name`, `description`, `image`, `directory`, `status`) VALUES ('45', '15', 'Office Add Person', 'Office Add Person', 'application/modules/store/assets/images/thumbnail.jpg', 'office_add_person', '1');
INSERT INTO `sub_module` (`id`, `mid`, `name`, `description`, `image`, `directory`, `status`) VALUES ('46', '15', 'Office Manage Loan', 'Office Manage Loan', 'application/modules/store/assets/images/thumbnail.jpg', 'office_manage_loan', '1');
INSERT INTO `sub_module` (`id`, `mid`, `name`, `description`, `image`, `directory`, `status`) VALUES ('47', '16', 'Personal Add Person', 'Personal Add Person', 'application/modules/store/assets/images/thumbnail.jpg', 'personal_add_person', '1');
INSERT INTO `sub_module` (`id`, `mid`, `name`, `description`, `image`, `directory`, `status`) VALUES ('48', '16', 'Personal Add Loan', 'Personal Add Loan', 'application/modules/store/assets/images/thumbnail.jpg', 'personal_add_loan', '1');
INSERT INTO `sub_module` (`id`, `mid`, `name`, `description`, `image`, `directory`, `status`) VALUES ('49', '16', 'Personal Add Payment', 'Personal Add Payment', 'application/modules/store/assets/images/thumbnail.jpg', 'personal_add_payment', '1');
INSERT INTO `sub_module` (`id`, `mid`, `name`, `description`, `image`, `directory`, `status`) VALUES ('50', '16', 'Personal Manage Loan', 'Personal Manage Loan', 'application/modules/store/assets/images/thumbnail.jpg', 'personal_manage_loan', '1');
INSERT INTO `sub_module` (`id`, `mid`, `name`, `description`, `image`, `directory`, `status`) VALUES ('51', '17', 'Data Setting', 'Data Setting', 'application/modules/store/assets/images/thumbnail.jpg', 'data_setting', '1');
INSERT INTO `sub_module` (`id`, `mid`, `name`, `description`, `image`, `directory`, `status`) VALUES ('52', '17', 'Synchronize', 'Synchronize', 'application/modules/store/assets/images/thumbnail.jpg', 'synchronize', '1');
INSERT INTO `sub_module` (`id`, `mid`, `name`, `description`, `image`, `directory`, `status`) VALUES ('53', '17', 'Backup And Restore', 'Backup And Restore', 'application/modules/store/assets/images/thumbnail.jpg', 'backup_and_restore', '1');
INSERT INTO `sub_module` (`id`, `mid`, `name`, `description`, `image`, `directory`, `status`) VALUES ('54', '18', 'Manage Company', 'Manage Company', 'application/modules/store/assets/images/thumbnail.jpg', 'manage_company', '1');
INSERT INTO `sub_module` (`id`, `mid`, `name`, `description`, `image`, `directory`, `status`) VALUES ('55', '18', 'Add User', 'Add User', 'application/modules/store/assets/images/thumbnail.jpg', 'add_user', '1');
INSERT INTO `sub_module` (`id`, `mid`, `name`, `description`, `image`, `directory`, `status`) VALUES ('56', '18', 'Manage Users', 'Manage Users', 'application/modules/store/assets/images/thumbnail.jpg', 'manage_users', '1');
INSERT INTO `sub_module` (`id`, `mid`, `name`, `description`, `image`, `directory`, `status`) VALUES ('57', '18', 'Language', 'Language', 'application/modules/store/assets/images/thumbnail.jpg', 'language', '1');
INSERT INTO `sub_module` (`id`, `mid`, `name`, `description`, `image`, `directory`, `status`) VALUES ('58', '18', 'Setting', 'Setting', 'application/modules/store/assets/images/thumbnail.jpg', 'setting', '1');
INSERT INTO `sub_module` (`id`, `mid`, `name`, `description`, `image`, `directory`, `status`) VALUES ('59', '19', 'User Assign Role', 'User Assign Role', 'application/modules/stockmovment/assets/images/thumbnail.jpg', 'user_assign_role', '1');
INSERT INTO `sub_module` (`id`, `mid`, `name`, `description`, `image`, `directory`, `status`) VALUES ('60', '19', 'Permission', 'Permission', 'application/modules/stockmovment/assets/images/thumbnail.jpg', 'permission', '1');
INSERT INTO `sub_module` (`id`, `mid`, `name`, `description`, `image`, `directory`, `status`) VALUES ('61', '19', 'Add Role', 'Add Role', 'application/modules/store/assets/images/thumbnail.jpg', 'add_role', '1');
INSERT INTO `sub_module` (`id`, `mid`, `name`, `description`, `image`, `directory`, `status`) VALUES ('62', '11', 'Account Summary', 'Account Summary', 'application/modules/store/assets/images/thumbnail.jpg', 'account_summary', '1');
INSERT INTO `sub_module` (`id`, `mid`, `name`, `description`, `image`, `directory`, `status`) VALUES ('63', '11', 'Monthly Progress Report', 'Monthly Progress Report', 'application/modules/store/assets/images/thumbnail.jpg', 'monthly_progress_report', '1');
INSERT INTO `sub_module` (`id`, `mid`, `name`, `description`, `image`, `directory`, `status`) VALUES ('64', '19', 'Role List', 'Role List', 'application/modules/store/assets/images/thumbnail.jpg', 'role_list', '1');
INSERT INTO `sub_module` (`id`, `mid`, `name`, `description`, `image`, `directory`, `status`) VALUES ('65', '9', 'Wastage Return List', 'Wastage Return List', 'application/modules/store/assets/images/thumbnail.jpg', 'wastage_return_list', '1');


#
# TABLE STRUCTURE FOR: synchronizer_setting
#

DROP TABLE IF EXISTS `synchronizer_setting`;

CREATE TABLE `synchronizer_setting` (
  `id` int(11) NOT NULL AUTO_INCREMENT,
  `hostname` varchar(100) NOT NULL,
  `username` varchar(100) NOT NULL,
  `password` varchar(100) NOT NULL,
  `port` varchar(10) NOT NULL,
  `debug` varchar(10) NOT NULL,
  `project_root` varchar(100) NOT NULL,
  PRIMARY KEY (`id`)
) ENGINE=InnoDB AUTO_INCREMENT=9 DEFAULT CHARSET=utf8;

INSERT INTO `synchronizer_setting` (`id`, `hostname`, `username`, `password`, `port`, `debug`, `project_root`) VALUES ('8', 'asdfasdfasdfa', 'asdfasdfa', 'sdfgdsfgdsgs', '33', 'false', './public_html/');


#
# TABLE STRUCTURE FOR: tax_information
#

DROP TABLE IF EXISTS `tax_information`;

CREATE TABLE `tax_information` (
  `tax_id` varchar(15) NOT NULL,
  `tax` float DEFAULT NULL,
  `status` int(11) DEFAULT NULL,
  PRIMARY KEY (`tax_id`)
) ENGINE=InnoDB DEFAULT CHARSET=utf8;

INSERT INTO `tax_information` (`tax_id`, `tax`, `status`) VALUES ('QOTWZP9PS4', '5', '1');
INSERT INTO `tax_information` (`tax_id`, `tax`, `status`) VALUES ('Z1GUJKVUCS', '10.5', '1');


#
# TABLE STRUCTURE FOR: total_batch_stock
#

DROP TABLE IF EXISTS `total_batch_stock`;

CREATE ALGORITHM=UNDEFINED DEFINER=`root`@`localhost` SQL SECURITY DEFINER VIEW `total_batch_stock` AS select `b`.`product_id` AS `product_id`,`b`.`batch_id` AS `batch_id`,`b`.`expeire_date` AS `expeire_date`,(sum(`b`.`Purchase`) - sum(`b`.`sell`)) AS `stock` from `stock_batch_qty` `b` group by `b`.`batch_id`;

utf8mb4_unicode_ci;

INSERT INTO `total_batch_stock` (`product_id`, `batch_id`, `expeire_date`, `stock`) VALUES ('45448121', '111', '0', '7');
INSERT INTO `total_batch_stock` (`product_id`, `batch_id`, `expeire_date`, `stock`) VALUES ('14462386', '120', '0', '7');
INSERT INTO `total_batch_stock` (`product_id`, `batch_id`, `expeire_date`, `stock`) VALUES ('45448121', '200', '0', '10');
INSERT INTO `total_batch_stock` (`product_id`, `batch_id`, `expeire_date`, `stock`) VALUES ('38477662', '4332', '2018-08-31', '50');
INSERT INTO `total_batch_stock` (`product_id`, `batch_id`, `expeire_date`, `stock`) VALUES ('72236475', '4433', '0', '49');


#
# TABLE STRUCTURE FOR: transection
#

DROP TABLE IF EXISTS `transection`;

CREATE TABLE `transection` (
  `transaction_id` varchar(30) NOT NULL,
  `date_of_transection` varchar(30) NOT NULL,
  `transection_type` varchar(30) NOT NULL,
  `transection_category` varchar(30) NOT NULL,
  `transection_mood` varchar(25) NOT NULL,
  `amount` varchar(20) NOT NULL,
  `pay_amount` float DEFAULT NULL,
  `description` varchar(255) NOT NULL,
  `relation_id` varchar(30) NOT NULL
) ENGINE=InnoDB DEFAULT CHARSET=utf8;

INSERT INTO `transection` (`transaction_id`, `date_of_transection`, `transection_type`, `transection_category`, `transection_mood`, `amount`, `pay_amount`, `description`, `relation_id`) VALUES ('JZVD8KA9IK9BLVR', '2018-08-30', '2', '2', '1', '500', '0', '', 'M77BNMINM8WLBUS');
INSERT INTO `transection` (`transaction_id`, `date_of_transection`, `transection_type`, `transection_category`, `transection_mood`, `amount`, `pay_amount`, `description`, `relation_id`) VALUES ('3EFT2RA2FGUESRK', '2018-08-30', '2', '2', '1', '1200', NULL, 'Medicine Cost', 'FOAMI9S7EC4GWE1');
INSERT INTO `transection` (`transaction_id`, `date_of_transection`, `transection_type`, `transection_category`, `transection_mood`, `amount`, `pay_amount`, `description`, `relation_id`) VALUES ('HDWT1SBRQRXFNSV', '2018-08-30', '2', '2', '1', '4000', NULL, 'Medicine Cost', '442GD4V37BMN8TA');


#
# TABLE STRUCTURE FOR: user_login
#

DROP TABLE IF EXISTS `user_login`;

CREATE TABLE `user_login` (
  `user_id` int(11) NOT NULL AUTO_INCREMENT,
  `username` varchar(255) NOT NULL,
  `password` varchar(255) NOT NULL,
  `user_type` int(2) DEFAULT NULL,
  `security_code` varchar(255) NOT NULL,
  `status` int(2) NOT NULL,
  PRIMARY KEY (`user_id`)
) ENGINE=MyISAM AUTO_INCREMENT=32 DEFAULT CHARSET=utf8;

INSERT INTO `user_login` (`user_id`, `username`, `password`, `user_type`, `security_code`, `status`) VALUES ('1', 'superadmin@gmail.com', '41d99b369894eb1ec3f461135132d8bb', '1', '', '1');
INSERT INTO `user_login` (`user_id`, `username`, `password`, `user_type`, `security_code`, `status`) VALUES ('31', 'foveaux@gmail.com', '41d99b369894eb1ec3f461135132d8bb', NULL, '', '1');
INSERT INTO `user_login` (`user_id`, `username`, `password`, `user_type`, `security_code`, `status`) VALUES ('30', 'donald@gmail.com', '41d99b369894eb1ec3f461135132d8bb', NULL, '', '1');
INSERT INTO `user_login` (`user_id`, `username`, `password`, `user_type`, `security_code`, `status`) VALUES ('29', 'uckers@gmail.com', '41d99b369894eb1ec3f461135132d8bb', NULL, '', '1');


#
# TABLE STRUCTURE FOR: users
#

DROP TABLE IF EXISTS `users`;

CREATE TABLE `users` (
  `user_id` int(11) NOT NULL AUTO_INCREMENT,
  `last_name` varchar(255) NOT NULL,
  `first_name` varchar(255) NOT NULL,
  `gender` varchar(20) NOT NULL,
  `date_of_birth` varchar(255) NOT NULL,
  `logo` varchar(250) DEFAULT NULL,
  `status` int(2) NOT NULL,
  PRIMARY KEY (`user_id`)
) ENGINE=MyISAM AUTO_INCREMENT=32 DEFAULT CHARSET=utf8;

INSERT INTO `users` (`user_id`, `last_name`, `first_name`, `gender`, `date_of_birth`, `logo`, `status`) VALUES ('1', 'Doye', 'John', '1', '', 'http://softest8.bdtask.com/pharmacy-v5.1/assets/dist/img/profile_picture/aca5a7e57f48af73ee7a4bc7635c4aed.jpg', '1');
INSERT INTO `users` (`user_id`, `last_name`, `first_name`, `gender`, `date_of_birth`, `logo`, `status`) VALUES ('31', 'teleworm', 'Foveaux', '', '', NULL, '1');
INSERT INTO `users` (`user_id`, `last_name`, `first_name`, `gender`, `date_of_birth`, `logo`, `status`) VALUES ('30', 'Fhnf', 'Donald', '', '', NULL, '1');
INSERT INTO `users` (`user_id`, `last_name`, `first_name`, `gender`, `date_of_birth`, `logo`, `status`) VALUES ('29', 'uckers', 'Noted', '', '', NULL, '1');


#
# TABLE STRUCTURE FOR: view_customer_transection
#

DROP TABLE IF EXISTS `view_customer_transection`;

CREATE ALGORITHM=UNDEFINED DEFINER=`root`@`localhost` SQL SECURITY DEFINER VIEW `view_customer_transection` AS (select `i`.`transaction_id` AS `transaction_id`,`j`.`customer_name` AS `customer_name`,`q`.`invoice_no` AS `invoice_no` from ((`transection` `i` left join `customer_information` `j` on((convert(`i`.`relation_id` using utf8) = `j`.`customer_id`))) left join `customer_ledger` `q` on((convert(`i`.`transaction_id` using utf8) = `q`.`transaction_id`))));

utf8mb4_unicode_ci;

INSERT INTO `view_customer_transection` (`transaction_id`, `customer_name`, `invoice_no`) VALUES ('JZVD8KA9IK9BLVR', 'Hassan', NULL);
INSERT INTO `view_customer_transection` (`transaction_id`, `customer_name`, `invoice_no`) VALUES ('3EFT2RA2FGUESRK', 'Arafat', NULL);
INSERT INTO `view_customer_transection` (`transaction_id`, `customer_name`, `invoice_no`) VALUES ('3EFT2RA2FGUESRK', 'Arafat', '2725916364');
INSERT INTO `view_customer_transection` (`transaction_id`, `customer_name`, `invoice_no`) VALUES ('HDWT1SBRQRXFNSV', 'tanzil', '4715649262');
INSERT INTO `view_customer_transection` (`transaction_id`, `customer_name`, `invoice_no`) VALUES ('HDWT1SBRQRXFNSV', 'tanzil', NULL);
INSERT INTO `view_customer_transection` (`transaction_id`, `customer_name`, `invoice_no`) VALUES ('HDWT1SBRQRXFNSV', 'tanzil', '4715649262');
INSERT INTO `view_customer_transection` (`transaction_id`, `customer_name`, `invoice_no`) VALUES ('HDWT1SBRQRXFNSV', 'tanzil', '4715649262');
INSERT INTO `view_customer_transection` (`transaction_id`, `customer_name`, `invoice_no`) VALUES ('HDWT1SBRQRXFNSV', 'tanzil', '4715649262');


#
# TABLE STRUCTURE FOR: view_manufacturer_transection
#

DROP TABLE IF EXISTS `view_manufacturer_transection`;

CREATE ALGORITHM=UNDEFINED DEFINER=`root`@`localhost` SQL SECURITY DEFINER VIEW `view_manufacturer_transection` AS (select `i`.`transaction_id` AS `transaction_id`,`j`.`manufacturer_name` AS `manufacturer_name` from (`transection` `i` left join `manufacturer_information` `j` on((convert(`i`.`relation_id` using utf8) = `j`.`manufacturer_id`))));

utf8mb4_unicode_ci;

INSERT INTO `view_manufacturer_transection` (`transaction_id`, `manufacturer_name`) VALUES ('JZVD8KA9IK9BLVR', NULL);
INSERT INTO `view_manufacturer_transection` (`transaction_id`, `manufacturer_name`) VALUES ('3EFT2RA2FGUESRK', NULL);
INSERT INTO `view_manufacturer_transection` (`transaction_id`, `manufacturer_name`) VALUES ('HDWT1SBRQRXFNSV', NULL);


#
# TABLE STRUCTURE FOR: view_person_transection
#

DROP TABLE IF EXISTS `view_person_transection`;

CREATE ALGORITHM=UNDEFINED DEFINER=`root`@`localhost` SQL SECURITY DEFINER VIEW `view_person_transection` AS (select `i`.`transaction_id` AS `transaction_id`,`j`.`person_name` AS `person_name` from (`transection` `i` left join `person_information` `j` on((convert(`i`.`relation_id` using utf8) = `j`.`person_id`))));

utf8mb4_unicode_ci;

INSERT INTO `view_person_transection` (`transaction_id`, `person_name`) VALUES ('JZVD8KA9IK9BLVR', NULL);
INSERT INTO `view_person_transection` (`transaction_id`, `person_name`) VALUES ('3EFT2RA2FGUESRK', NULL);
INSERT INTO `view_person_transection` (`transaction_id`, `person_name`) VALUES ('HDWT1SBRQRXFNSV', NULL);


#
# TABLE STRUCTURE FOR: web_setting
#

DROP TABLE IF EXISTS `web_setting`;

CREATE TABLE `web_setting` (
  `setting_id` int(11) NOT NULL AUTO_INCREMENT,
  `logo` varchar(255) DEFAULT NULL,
  `invoice_logo` varchar(255) DEFAULT NULL,
  `favicon` varchar(255) DEFAULT NULL,
  `currency` varchar(10) DEFAULT NULL,
  `currency_position` varchar(10) DEFAULT NULL,
  `footer_text` varchar(255) DEFAULT NULL,
  `language` varchar(255) DEFAULT NULL,
  `rtr` varchar(255) DEFAULT NULL,
  `captcha` int(11) DEFAULT '1' COMMENT '0=active,1=inactive',
  `site_key` varchar(250) DEFAULT NULL,
  `secret_key` varchar(250) DEFAULT NULL,
  `discount_type` int(11) DEFAULT '1',
  PRIMARY KEY (`setting_id`)
) ENGINE=InnoDB AUTO_INCREMENT=2 DEFAULT CHARSET=utf8;

INSERT INTO `web_setting` (`setting_id`, `logo`, `invoice_logo`, `favicon`, `currency`, `currency_position`, `footer_text`, `language`, `rtr`, `captcha`, `site_key`, `secret_key`, `discount_type`) VALUES ('1', 'http://soft12.bdtask.com/pharmacy/my-assets/image/logo/8737f3780b307b79554b12cfee4f5508.png', 'http://soft12.bdtask.com/pharmacy/my-assets/image/logo/7f0144941b9f4888ac82741ca19b1f06.png', 'http://soft12.bdtask.com/pharmacy/my-assets/image/logo/13ce2ba4f439628320674dc0fad86f64.png', '$', '0', 'Copyright 2016-2017 bdtask. All rights reserved.', 'english', '0', '1', '', '', '2');


